# Time, Layer_QualityIndex,bl_height,Mean_Layer_Height,n_BL,cloud_stat,cloud_dat
06/06/2026 10:00:35,2,410,410,3,0,-999
06/06/2026 10:01:35,2,410,410,3,0,-999
06/06/2026 10:02:35,2,410,410,3,0,-999
06/06/2026 10:03:35,2,410,410,3,0,-999
06/06/2026 10:04:35,2,410,410,3,0,-999
06/06/2026 10:05:35,2,410,410,3,0,-999
06/06/2026 10:06:35,2,410,410,3,0,-999
06/06/2026 10:07:35,2,410,410,3,0,-999
06/06/2026 10:08:35,2,410,410,3,0,-999
06/06/2026 10:09:35,2,410,410,3,0,-999
06/06/2026 10:10:35,2,410,410,3,0,-999
06/06/2026 10:11:35,2,410,410,3,0,-999
06/06/2026 10:12:35,2,410,410,3,0,-999
06/06/2026 10:13:35,2,410,410,3,0,-999
06/06/2026 10:14:35,2,410,410,3,0,-999
06/06/2026 10:15:35,2,410,410,3,0,-999
06/06/2026 10:16:35,2,410,410,3,0,-999
06/06/2026 10:17:35,2,410,410,3,0,-999
06/06/2026 10:18:35,2,410,410,3,0,-999
06/06/2026 10:19:35,2,410,410,3,0,-999
06/06/2026 10:20:35,2,410,410,3,0,-999
06/06/2026 10:21:35,2,410,410,3,0,-999
06/06/2026 10:22:35,2,410,410,3,0,-999
06/06/2026 10:23:35,2,410,410,3,0,-999
06/06/2026 10:24:35,2,410,410,3,0,-999
06/06/2026 10:25:35,2,410,410,3,0,-999
06/06/2026 10:26:35,2,410,410,3,0,-999
06/06/2026 10:27:35,2,410,410,3,0,-999
06/06/2026 10:28:35,2,410,410,3,0,-999
06/06/2026 10:29:35,2,410,410,3,0,-999
06/06/2026 10:30:35,2,410,410,3,0,-999
06/06/2026 10:31:35,2,410,410,3,0,-999
06/06/2026 10:32:35,2,410,410,3,0,-999
06/06/2026 10:33:35,2,410,410,3,0,-999
06/06/2026 10:34:35,2,410,410,3,0,-999
06/06/2026 10:35:35,2,410,410,3,0,-999
06/06/2026 10:36:35,2,410,410,3,0,-999
06/06/2026 10:37:35,2,410,410,3,0,-999
06/06/2026 10:38:35,2,410,410,3,0,-999
06/06/2026 10:39:35,2,410,410,3,0,-999
06/06/2026 10:40:35,2,410,410,3,0,-999
06/06/2026 10:41:35,2,410,410,3,0,-999
06/06/2026 10:42:35,2,410,410,3,0,-999
06/06/2026 10:43:35,2,410,410,3,0,-999
06/06/2026 10:44:35,2,410,410,3,0,-999
06/06/2026 10:45:35,2,410,410,3,0,-999
06/06/2026 10:46:35,2,410,410,3,0,-999
06/06/2026 10:47:35,2,410,410,3,0,-999
06/06/2026 10:48:35,2,410,410,3,0,-999
06/06/2026 10:49:35,2,410,410,3,0,-999
06/06/2026 10:50:35,2,410,410,3,0,-999
06/06/2026 10:51:35,2,410,410,3,0,-999
06/06/2026 10:52:35,2,410,410,3,0,-999
06/06/2026 10:53:35,2,410,410,3,0,-999
06/06/2026 10:54:35,2,410,410,3,0,-999
06/06/2026 10:55:35,2,410,410,3,0,-999
06/06/2026 10:56:35,2,410,410,3,0,-999
06/06/2026 10:57:35,2,410,410,3,0,-999
06/06/2026 10:58:35,2,410,410,3,0,-999
06/06/2026 10:59:35,2,410,410,3,0,-999
06/06/2026 11:00:35,2,410,410,3,0,-999
06/06/2026 11:01:35,2,410,410,3,0,-999
06/06/2026 11:02:35,2,410,410,3,0,-999
06/06/2026 11:03:35,2,410,410,3,0,-999
06/06/2026 11:04:35,2,410,410,3,0,-999
06/06/2026 11:05:35,2,410,410,3,0,-999
06/06/2026 11:06:35,2,410,410,3,0,-999
06/06/2026 11:07:35,2,410,410,3,0,-999
06/06/2026 11:08:35,2,410,410,3,0,-999
06/06/2026 11:09:35,2,410,410,3,0,-999
06/06/2026 11:10:35,2,410,410,3,0,-999
06/06/2026 11:11:35,2,410,410,3,0,-999
06/06/2026 11:12:35,2,410,410,3,0,-999
06/06/2026 11:13:35,2,410,410,3,0,-999
06/06/2026 11:14:35,2,410,410,3,0,-999
06/06/2026 11:15:35,2,410,410,3,0,-999
06/06/2026 11:16:35,2,410,410,3,0,-999
06/06/2026 11:17:35,2,410,410,3,0,-999
06/06/2026 11:18:35,2,410,410,3,0,-999
06/06/2026 11:19:35,2,410,410,3,0,-999
06/06/2026 11:20:35,2,410,410,3,0,-999
06/06/2026 11:21:35,2,410,410,3,0,-999
06/06/2026 11:22:35,2,410,410,3,0,-999
06/06/2026 11:23:35,2,410,410,3,0,-999
06/06/2026 11:24:35,2,410,410,3,0,-999
06/06/2026 11:25:35,2,410,410,3,0,-999
06/06/2026 11:26:35,2,410,410,3,0,-999
06/06/2026 11:27:35,2,410,410,3,0,-999
06/06/2026 11:28:35,2,410,410,3,0,-999
06/06/2026 11:29:35,2,410,410,3,0,-999
06/06/2026 11:30:35,2,410,410,3,0,-999
06/06/2026 11:31:35,2,410,410,3,0,-999
06/06/2026 11:32:35,2,410,410,3,0,-999
06/06/2026 11:33:35,2,410,410,3,0,-999
06/06/2026 11:34:35,2,410,410,3,0,-999
06/06/2026 11:35:35,2,410,410,3,0,-999
06/06/2026 11:36:35,2,410,410,3,0,-999
06/06/2026 11:37:35,2,410,410,3,0,-999
06/06/2026 11:38:35,2,410,410,3,0,-999
06/06/2026 11:39:35,2,410,410,3,0,-999
06/06/2026 11:40:35,2,410,410,3,0,-999
06/06/2026 11:41:35,2,410,410,3,0,-999
06/06/2026 11:42:35,2,410,410,3,0,-999
06/06/2026 11:43:35,2,410,410,3,0,-999
06/06/2026 11:44:35,2,410,410,3,0,-999
06/06/2026 11:45:35,2,410,410,3,0,-999
06/06/2026 11:46:35,2,410,410,3,0,-999
06/06/2026 11:47:35,2,410,410,3,0,-999
06/06/2026 11:48:35,2,410,410,3,0,-999
06/06/2026 11:49:35,2,410,410,3,0,-999
06/06/2026 11:50:35,2,410,410,3,0,-999
06/06/2026 11:51:35,2,390,410,3,0,-999
06/06/2026 11:52:35,2,390,410,3,0,-999
06/06/2026 11:53:35,2,390,410,3,0,-999
06/06/2026 11:54:35,2,390,410,3,0,-999
06/06/2026 11:55:35,2,810,410,3,0,-999
06/06/2026 11:56:35,2,810,410,3,0,-999
06/06/2026 11:57:35,2,810,410,3,0,-999
06/06/2026 11:58:35,2,810,410,3,0,-999
06/06/2026 11:59:35,2,810,410,3,0,-999
06/06/2026 12:00:35,2,810,410,3,0,-999
06/06/2026 12:01:35,2,810,410,3,0,-999
06/06/2026 12:02:35,2,820,410,3,0,-999
06/06/2026 12:03:35,2,820,410,3,0,-999
06/06/2026 12:04:35,2,820,410,3,0,-999
06/06/2026 12:05:35,2,820,410,3,0,-999
06/06/2026 12:06:35,2,830,410,3,0,-999
06/06/2026 12:07:35,2,830,410,3,0,-999
06/06/2026 12:08:35,2,830,410,3,0,-999
06/06/2026 12:09:35,2,830,410,3,0,-999
06/06/2026 12:10:35,2,830,410,3,0,-999
06/06/2026 12:11:35,2,840,410,3,0,-999
06/06/2026 12:12:35,2,840,410,3,0,-999
06/06/2026 12:13:35,2,840,410,3,0,-999
06/06/2026 12:14:35,2,850,410,3,0,-999
06/06/2026 12:15:35,2,850,410,3,0,-999
06/06/2026 12:16:35,2,850,410,3,0,-999
06/06/2026 12:17:35,2,850,410,3,0,-999
06/06/2026 12:18:35,2,850,410,3,0,-999
06/06/2026 12:19:35,2,860,410,3,0,-999
06/06/2026 12:20:35,2,860,410,3,0,-999
06/06/2026 12:21:35,2,860,410,3,0,-999
06/06/2026 12:22:35,2,870,410,3,0,-999
06/06/2026 12:23:35,2,870,410,3,0,-999
06/06/2026 12:24:35,2,870,410,3,0,-999
06/06/2026 12:25:35,2,870,410,3,0,-999
06/06/2026 12:26:35,2,870,410,3,0,-999
06/06/2026 12:27:35,2,870,410,3,0,-999
06/06/2026 12:28:35,2,880,410,3,0,-999
06/06/2026 12:29:35,2,880,410,3,0,-999
06/06/2026 12:30:35,2,880,410,3,0,-999
06/06/2026 12:31:35,2,880,410,3,0,-999
06/06/2026 12:32:35,2,890,410,3,0,-999
06/06/2026 12:33:35,2,890,410,3,0,-999
06/06/2026 12:34:35,2,890,410,3,0,-999
06/06/2026 12:35:35,2,890,410,3,0,-999
06/06/2026 12:36:35,2,890,410,3,0,-999
06/06/2026 12:37:35,2,890,410,3,0,-999
06/06/2026 12:38:35,2,900,410,3,0,-999
06/06/2026 12:39:35,2,900,410,3,0,-999
06/06/2026 12:40:35,2,910,410,3,0,-999
06/06/2026 12:41:35,2,910,410,3,0,-999
06/06/2026 12:42:35,2,910,410,3,0,-999
06/06/2026 12:43:35,2,910,410,3,0,-999
06/06/2026 12:44:35,2,920,410,3,0,-999
06/06/2026 12:45:35,2,920,410,3,0,-999
06/06/2026 12:46:35,2,920,410,3,0,-999
06/06/2026 12:47:35,2,920,410,3,0,-999
06/06/2026 12:48:35,2,920,410,3,0,-999
06/06/2026 12:49:35,2,930,410,3,0,-999
06/06/2026 12:50:35,2,930,410,3,0,-999
06/06/2026 12:51:35,2,930,410,3,0,-999
06/06/2026 12:52:35,2,930,410,3,0,-999
06/06/2026 12:53:35,2,930,410,3,0,-999
06/06/2026 12:54:35,2,940,410,3,0,-999
06/06/2026 12:55:35,2,940,410,3,0,-999
06/06/2026 12:56:35,2,940,410,3,0,-999
06/06/2026 12:57:35,2,940,410,3,0,-999
06/06/2026 12:58:35,2,940,410,3,0,-999
06/06/2026 12:59:35,2,950,410,3,0,-999
06/06/2026 13:00:35,3,950,880,3,0,-999
06/06/2026 13:01:35,3,950,880,3,0,-999
06/06/2026 13:02:35,3,950,880,3,0,-999
06/06/2026 13:03:35,3,950,880,3,0,-999
06/06/2026 13:04:35,3,950,880,3,0,-999
06/06/2026 13:05:35,3,950,880,3,0,-999
06/06/2026 13:06:35,3,950,880,3,0,-999
06/06/2026 13:07:35,3,960,880,3,0,-999
06/06/2026 13:08:35,3,960,880,3,0,-999
06/06/2026 13:09:35,3,960,880,3,0,-999
06/06/2026 13:10:35,3,970,880,3,0,-999
06/06/2026 13:11:35,3,970,880,3,0,-999
06/06/2026 13:12:35,3,970,880,3,0,-999
06/06/2026 13:13:35,3,970,880,3,0,-999
06/06/2026 13:14:35,3,970,880,3,0,-999
06/06/2026 13:15:35,3,980,880,3,0,-999
06/06/2026 13:16:35,3,980,880,3,0,-999
06/06/2026 13:17:35,3,980,880,3,0,-999
06/06/2026 13:18:35,3,980,880,3,0,-999
06/06/2026 13:19:35,3,980,880,3,0,-999
06/06/2026 13:20:35,3,990,880,3,0,-999
06/06/2026 13:21:35,3,990,880,3,0,-999
06/06/2026 13:22:35,3,990,880,3,0,-999
06/06/2026 13:23:35,3,990,880,3,0,-999
06/06/2026 13:24:35,3,990,880,3,0,-999
06/06/2026 13:25:35,3,990,880,3,0,-999
06/06/2026 13:26:35,3,990,880,3,0,-999
06/06/2026 13:27:35,3,990,880,3,0,-999
06/06/2026 13:28:35,3,1000,880,3,0,-999
06/06/2026 13:29:35,3,1000,880,3,0,-999
06/06/2026 13:30:35,3,1000,880,3,0,-999
06/06/2026 13:31:35,3,1000,880,3,0,-999
06/06/2026 13:32:35,3,1000,880,3,0,-999
06/06/2026 13:33:35,3,1000,880,3,0,-999
06/06/2026 13:34:35,3,1000,880,3,0,-999
06/06/2026 13:35:35,3,1000,880,3,0,-999
06/06/2026 13:36:35,3,1000,880,3,0,-999
06/06/2026 13:37:35,3,1000,880,3,0,-999
06/06/2026 13:38:35,3,1000,880,3,0,-999
06/06/2026 13:39:35,3,1000,880,3,0,-999
06/06/2026 13:40:35,3,1000,880,3,0,-999
06/06/2026 13:41:35,3,1000,880,3,0,-999
06/06/2026 13:42:35,3,1010,880,3,0,-999
06/06/2026 13:43:35,3,1010,880,3,0,-999
06/06/2026 13:44:35,3,1010,880,3,0,-999
06/06/2026 13:45:35,3,1010,880,3,0,-999
06/06/2026 13:46:35,3,1010,880,3,0,-999
06/06/2026 13:47:35,3,1010,880,3,0,-999
06/06/2026 13:48:35,3,1010,880,3,0,-999
06/06/2026 13:49:35,3,1010,880,3,0,-999
06/06/2026 13:50:35,3,1010,880,3,0,-999
06/06/2026 13:51:35,3,1010,880,3,0,-999
06/06/2026 13:52:35,3,1010,880,3,0,-999
06/06/2026 13:53:35,3,1010,880,3,0,-999
06/06/2026 13:54:35,3,1010,880,3,0,-999
06/06/2026 13:55:35,3,1010,880,3,0,-999
06/06/2026 13:56:35,3,1010,880,3,0,-999
06/06/2026 13:57:35,3,1010,880,3,0,-999
06/06/2026 13:58:35,3,1010,880,3,0,-999
06/06/2026 13:59:35,3,1020,880,3,0,-999
06/06/2026 14:00:35,3,1020,1000,3,0,-999
06/06/2026 14:01:35,3,1020,1000,3,0,-999
06/06/2026 14:02:35,3,1020,1000,3,0,-999
06/06/2026 14:03:35,3,1020,1000,3,0,-999
06/06/2026 14:04:35,3,1020,1000,3,0,-999
06/06/2026 14:05:35,3,1020,1000,3,0,-999
06/06/2026 14:06:35,3,1020,1000,3,0,-999
06/06/2026 14:07:35,3,1020,1000,3,0,-999
06/06/2026 14:08:35,3,1020,1000,3,0,-999
06/06/2026 14:09:35,3,1020,1000,3,0,-999
06/06/2026 14:10:35,3,1020,1000,3,0,-999
06/06/2026 14:11:35,3,1020,1000,3,0,-999
06/06/2026 14:12:35,3,1020,1000,3,0,-999
06/06/2026 14:13:35,3,1020,1000,3,0,-999
06/06/2026 14:14:35,3,1020,1000,3,0,-999
06/06/2026 14:15:35,3,1030,1000,3,0,-999
06/06/2026 14:16:35,3,1030,1000,3,0,-999
06/06/2026 14:17:35,3,1030,1000,3,0,-999
06/06/2026 14:18:35,3,1030,1000,3,0,-999
06/06/2026 14:19:35,3,1030,1000,3,0,-999
06/06/2026 14:20:35,3,1030,1000,3,0,-999
06/06/2026 14:21:35,3,1030,1000,3,0,-999
06/06/2026 14:22:35,3,1030,1000,3,0,-999
06/06/2026 14:23:35,3,1030,1000,3,0,-999
06/06/2026 14:24:35,3,1040,1000,3,0,-999
06/06/2026 14:25:35,3,1040,1000,3,0,-999
06/06/2026 14:26:35,3,1040,1000,3,0,-999
06/06/2026 14:27:35,3,1040,1000,3,0,-999
06/06/2026 14:28:35,3,1040,1000,3,0,-999
06/06/2026 14:29:35,3,1040,1000,3,0,-999
06/06/2026 14:30:35,3,1040,1000,3,0,-999
06/06/2026 14:31:35,3,1040,1000,3,0,-999
06/06/2026 14:32:35,3,1040,1000,3,0,-999
06/06/2026 14:33:35,3,1040,1000,3,0,-999
06/06/2026 14:34:35,3,1040,1000,3,0,-999
06/06/2026 14:35:35,3,1040,1000,3,0,-999
06/06/2026 14:36:35,3,1040,1000,3,0,-999
06/06/2026 14:37:35,3,1040,1000,3,0,-999
06/06/2026 14:38:35,3,1040,1000,3,0,-999
06/06/2026 14:39:35,3,1040,1000,3,0,-999
06/06/2026 14:40:35,3,1040,1000,3,0,-999
06/06/2026 14:41:35,3,1040,1000,3,0,-999
06/06/2026 14:42:35,3,1040,1000,3,0,-999
06/06/2026 14:43:35,3,1040,1000,3,0,-999
06/06/2026 14:44:35,3,1040,1000,3,0,-999
06/06/2026 14:45:35,3,1040,1000,3,0,-999
06/06/2026 14:46:35,3,1050,1000,3,0,-999
06/06/2026 14:47:35,3,1050,1000,3,0,-999
06/06/2026 14:48:35,3,1050,1000,3,0,-999
06/06/2026 14:49:35,3,1050,1000,3,0,-999
06/06/2026 14:50:35,3,1050,1000,3,0,-999
06/06/2026 14:51:35,3,1050,1000,3,0,-999
06/06/2026 14:52:35,3,1050,1000,3,0,-999
06/06/2026 14:53:35,3,1050,1000,3,0,-999
06/06/2026 14:54:35,3,1050,1000,3,0,-999
06/06/2026 14:55:35,3,1050,1000,3,0,-999
06/06/2026 14:56:35,3,1050,1000,3,0,-999
06/06/2026 14:57:35,3,1050,1000,3,0,-999
06/06/2026 14:58:35,3,1050,1000,3,0,-999
06/06/2026 14:59:35,3,1050,1000,3,0,-999
06/06/2026 15:00:35,3,1050,1040,3,0,-999
06/06/2026 15:01:35,3,1050,1040,3,0,-999
06/06/2026 15:02:35,3,1050,1040,3,0,-999
06/06/2026 15:03:35,3,1050,1040,3,0,-999
06/06/2026 15:04:35,3,1050,1040,3,0,-999
06/06/2026 15:05:35,3,1040,1040,3,0,-999
06/06/2026 15:06:35,3,1040,1040,3,0,-999
06/06/2026 15:07:35,3,1040,1040,3,0,-999
06/06/2026 15:08:35,3,1040,1040,3,0,-999
06/06/2026 15:09:35,3,1040,1040,3,0,-999
06/06/2026 15:10:35,3,1040,1040,3,0,-999
06/06/2026 15:11:35,3,1040,1040,3,0,-999
06/06/2026 15:12:35,3,1040,1040,3,0,-999
06/06/2026 15:13:35,3,1040,1040,3,0,-999
06/06/2026 15:14:35,3,1040,1040,3,0,-999
06/06/2026 15:15:35,3,1040,1040,3,0,-999
06/06/2026 15:16:35,3,1040,1040,3,0,-999
06/06/2026 15:17:35,3,1040,1040,3,0,-999
06/06/2026 15:18:35,3,1040,1040,3,0,-999
06/06/2026 15:19:35,3,1040,1040,3,0,-999
06/06/2026 15:20:35,3,1040,1040,3,0,-999
06/06/2026 15:21:35,3,1040,1040,3,0,-999
06/06/2026 15:22:35,3,1040,1040,3,0,-999
06/06/2026 15:23:35,3,1030,1040,3,0,-999
06/06/2026 15:24:35,3,1030,1040,3,0,-999
06/06/2026 15:25:35,3,1030,1040,3,0,-999
06/06/2026 15:26:35,3,1030,1040,3,0,-999
06/06/2026 15:27:35,3,1030,1040,3,0,-999
06/06/2026 15:28:35,3,1030,1040,3,0,-999
06/06/2026 15:29:35,3,1030,1040,3,0,-999
06/06/2026 15:30:35,3,1030,1040,3,0,-999
06/06/2026 15:31:35,3,1030,1040,3,0,-999
06/06/2026 15:32:35,3,1030,1040,3,0,-999
06/06/2026 15:33:35,3,1030,1040,3,0,-999
06/06/2026 15:34:35,3,1030,1040,3,0,-999
06/06/2026 15:35:35,3,1030,1040,3,0,-999
06/06/2026 15:36:35,3,1030,1040,3,0,-999
06/06/2026 15:37:35,3,1030,1040,3,0,-999
06/06/2026 15:38:35,3,1030,1040,3,0,-999
06/06/2026 15:39:35,3,1030,1040,3,0,-999
06/06/2026 15:40:35,3,1030,1040,3,0,-999
06/06/2026 15:41:35,3,1030,1040,3,0,-999
06/06/2026 15:42:35,3,1030,1040,3,0,-999
06/06/2026 15:43:35,3,1030,1040,3,0,-999
06/06/2026 15:44:35,3,1030,1040,3,0,-999
06/06/2026 15:45:35,3,1030,1040,3,0,-999
06/06/2026 15:46:35,3,1030,1040,3,0,-999
06/06/2026 15:47:35,3,1030,1040,3,0,-999
06/06/2026 15:48:35,3,1030,1040,3,0,-999
06/06/2026 15:49:35,3,1030,1040,3,0,-999
06/06/2026 15:50:35,3,1030,1040,3,0,-999
06/06/2026 15:51:35,3,1030,1040,3,0,-999
06/06/2026 15:52:35,3,1030,1040,3,0,-999
06/06/2026 15:53:35,3,1030,1040,3,0,-999
06/06/2026 15:54:35,3,1030,1040,3,0,-999
06/06/2026 15:55:35,3,1030,1040,3,0,-999
06/06/2026 15:56:35,3,1030,1040,3,0,-999
06/06/2026 15:57:35,3,1030,1040,3,0,-999
06/06/2026 15:58:35,3,1030,1040,3,0,-999
06/06/2026 15:59:35,3,1030,1040,3,0,-999
06/06/2026 16:00:35,3,1030,1030,3,0,-999
06/06/2026 16:01:35,3,1030,1030,3,0,-999
06/06/2026 16:02:35,3,1030,1030,3,0,-999
06/06/2026 16:03:35,3,1030,1030,3,0,-999
06/06/2026 16:04:35,3,1030,1030,3,0,-999
06/06/2026 16:05:35,3,1030,1030,3,0,-999
06/06/2026 16:06:35,3,1030,1030,3,0,-999
06/06/2026 16:07:35,3,1030,1030,3,0,-999
06/06/2026 16:08:35,3,1030,1030,3,0,-999
06/06/2026 16:09:35,3,1030,1030,3,0,-999
06/06/2026 16:10:35,3,1020,1030,3,0,-999
06/06/2026 16:11:35,3,1020,1030,3,0,-999
06/06/2026 16:12:35,3,1020,1030,3,0,-999
06/06/2026 16:13:35,3,1020,1030,3,0,-999
06/06/2026 16:14:35,3,1020,1030,3,0,-999
06/06/2026 16:15:35,3,1020,1030,3,0,-999
06/06/2026 16:16:35,3,1020,1030,3,0,-999
06/06/2026 16:17:35,3,1020,1030,3,0,-999
06/06/2026 16:18:35,3,1020,1030,3,0,-999
06/06/2026 16:19:35,3,1020,1030,3,0,-999
06/06/2026 16:20:35,3,1020,1030,3,0,-999
06/06/2026 16:21:35,3,1020,1030,3,0,-999
06/06/2026 16:22:35,3,1020,1030,3,0,-999
06/06/2026 16:23:35,3,1020,1030,3,0,-999
06/06/2026 16:24:35,3,1020,1030,3,0,-999
06/06/2026 16:25:35,3,1020,1030,3,0,-999
06/06/2026 16:26:35,3,1020,1030,3,0,-999
06/06/2026 16:27:35,3,1020,1030,3,0,-999
06/06/2026 16:28:35,3,1020,1030,3,0,-999
06/06/2026 16:29:35,3,1020,1030,3,0,-999
06/06/2026 16:30:35,3,1010,1030,3,0,-999
06/06/2026 16:31:35,3,1010,1030,3,0,-999
06/06/2026 16:32:35,3,1010,1030,3,0,-999
06/06/2026 16:33:35,3,1010,1030,3,0,-999
06/06/2026 16:34:35,3,1010,1030,3,0,-999
06/06/2026 16:35:35,3,1010,1030,3,0,-999
06/06/2026 16:36:35,3,1010,1030,3,0,-999
06/06/2026 16:37:35,3,1010,1030,3,0,-999
06/06/2026 16:38:35,3,1010,1030,3,0,-999
06/06/2026 16:39:35,3,1010,1030,3,0,-999
06/06/2026 16:40:35,3,1010,1030,3,0,-999
06/06/2026 16:41:35,3,1010,1030,3,0,-999
06/06/2026 16:42:35,3,1010,1030,3,0,-999
06/06/2026 16:43:35,3,1010,1030,3,0,-999
06/06/2026 16:44:35,3,1010,1030,3,0,-999
06/06/2026 16:45:35,3,1000,1030,3,0,-999
06/06/2026 16:46:35,3,1000,1030,3,0,-999
06/06/2026 16:47:35,3,1000,1030,3,0,-999
06/06/2026 16:48:35,3,1000,1030,3,0,-999
06/06/2026 16:49:35,3,1000,1030,3,0,-999
06/06/2026 16:50:35,3,1000,1030,3,0,-999
06/06/2026 16:51:35,3,1000,1030,3,0,-999
06/06/2026 16:52:35,3,1000,1030,3,0,-999
06/06/2026 16:53:35,3,1000,1030,3,0,-999
06/06/2026 16:54:35,3,1000,1030,3,0,-999
06/06/2026 16:55:35,3,1000,1030,3,0,-999
06/06/2026 16:56:35,3,1000,1030,3,0,-999
06/06/2026 16:57:35,3,1000,1030,3,0,-999
06/06/2026 16:58:35,3,1000,1030,3,0,-999
06/06/2026 16:59:35,3,1000,1030,3,0,-999
06/06/2026 17:00:35,3,990,1010,3,0,-999
06/06/2026 17:01:35,3,990,1010,3,0,-999
06/06/2026 17:02:35,3,990,1010,3,0,-999
06/06/2026 17:03:35,3,990,1010,3,0,-999
06/06/2026 17:04:35,3,990,1010,3,0,-999
06/06/2026 17:05:35,3,990,1010,3,0,-999
06/06/2026 17:06:35,3,990,1010,3,0,-999
06/06/2026 17:07:35,3,990,1010,3,0,-999
06/06/2026 17:08:35,3,990,1010,3,0,-999
06/06/2026 17:09:35,3,990,1010,3,0,-999
06/06/2026 17:10:35,3,990,1010,3,0,-999
06/06/2026 17:11:35,3,990,1010,3,0,-999
06/06/2026 17:12:35,3,990,1010,3,0,-999
06/06/2026 17:13:35,3,990,1010,3,0,-999
06/06/2026 17:14:35,3,990,1010,3,0,-999
06/06/2026 17:15:35,3,990,1010,3,0,-999
06/06/2026 17:16:35,3,990,1010,3,0,-999
06/06/2026 17:17:35,3,990,1010,3,0,-999
06/06/2026 17:18:35,3,990,1010,3,0,-999
06/06/2026 17:19:35,3,990,1010,3,0,-999
06/06/2026 17:20:35,3,990,1010,3,0,-999
06/06/2026 17:21:35,3,990,1010,3,0,-999
06/06/2026 17:22:35,3,990,1010,3,0,-999
06/06/2026 17:23:35,3,990,1010,3,0,-999
06/06/2026 17:24:35,3,990,1010,3,0,-999
06/06/2026 17:25:35,3,990,1010,3,0,-999
06/06/2026 17:26:35,3,990,1010,3,0,-999
06/06/2026 17:27:35,3,980,1010,3,0,-999
06/06/2026 17:28:35,3,980,1010,3,0,-999
06/06/2026 17:29:35,3,980,1010,3,0,-999
06/06/2026 17:30:35,3,980,1010,3,0,-999
06/06/2026 17:31:35,3,980,1010,3,0,-999
06/06/2026 17:32:35,3,980,1010,3,0,-999
06/06/2026 17:33:35,3,980,1010,3,0,-999
06/06/2026 17:34:35,3,980,1010,3,0,-999
06/06/2026 17:35:35,3,980,1010,3,0,-999
06/06/2026 17:36:35,3,970,1010,3,0,-999
06/06/2026 17:37:35,3,970,1010,3,0,-999
06/06/2026 17:38:35,3,970,1010,3,0,-999
06/06/2026 17:39:35,3,970,1010,3,0,-999
06/06/2026 17:40:35,3,970,1010,3,0,-999
06/06/2026 17:41:35,3,970,1010,3,0,-999
06/06/2026 17:42:35,3,970,1010,3,0,-999
06/06/2026 17:43:35,3,970,1010,3,0,-999
06/06/2026 17:44:35,3,970,1010,3,0,-999
06/06/2026 17:45:35,3,970,1010,3,0,-999
06/06/2026 17:46:35,3,970,1010,3,0,-999
06/06/2026 17:47:35,3,970,1010,3,0,-999
06/06/2026 17:48:35,3,960,1010,3,0,-999
06/06/2026 17:49:35,3,960,1010,3,0,-999
06/06/2026 17:50:35,3,960,1010,3,0,-999
06/06/2026 17:51:35,3,960,1010,3,0,-999
06/06/2026 17:52:35,3,960,1010,3,0,-999
06/06/2026 17:53:35,3,960,1010,3,0,-999
06/06/2026 17:54:35,3,960,1010,3,0,-999
06/06/2026 17:55:35,3,960,1010,3,0,-999
06/06/2026 17:56:35,3,960,1010,3,0,-999
06/06/2026 17:57:35,3,960,1010,3,0,-999
06/06/2026 17:58:35,3,990,1010,3,0,-999
06/06/2026 17:59:35,3,990,1010,3,0,-999
06/06/2026 18:00:35,3,990,980,3,0,-999
06/06/2026 18:01:35,3,990,980,3,0,-999
06/06/2026 18:02:35,3,990,980,3,0,-999
06/06/2026 18:03:35,3,990,980,3,0,-999
06/06/2026 18:04:35,3,990,980,3,0,-999
06/06/2026 18:05:35,3,990,980,3,0,-999
06/06/2026 18:06:35,3,990,980,3,0,-999
06/06/2026 18:07:35,3,990,980,3,0,-999
06/06/2026 18:08:35,3,990,980,3,0,-999
06/06/2026 18:09:35,3,990,980,3,0,-999
06/06/2026 18:10:35,3,990,980,3,0,-999
06/06/2026 18:11:35,3,990,980,3,0,-999
06/06/2026 18:12:35,3,990,980,3,0,-999
06/06/2026 18:13:35,3,990,980,3,0,-999
06/06/2026 18:14:35,3,990,980,3,0,-999
06/06/2026 18:15:35,3,990,980,3,0,-999
06/06/2026 18:16:35,3,990,980,3,0,-999
06/06/2026 18:17:35,3,990,980,3,0,-999
06/06/2026 18:18:35,3,990,980,3,0,-999
06/06/2026 18:19:35,3,990,980,3,0,-999
06/06/2026 18:20:35,3,990,980,3,0,-999
06/06/2026 18:21:35,3,990,980,3,0,-999
06/06/2026 18:22:35,3,990,980,3,0,-999
06/06/2026 18:23:35,3,990,980,3,0,-999
06/06/2026 18:24:35,3,990,980,3,0,-999
06/06/2026 18:25:35,3,990,980,3,0,-999
06/06/2026 18:26:35,3,990,980,3,0,-999
06/06/2026 18:27:35,3,990,980,3,0,-999
06/06/2026 18:28:35,3,990,980,3,0,-999
06/06/2026 18:29:35,3,990,980,3,0,-999
06/06/2026 18:30:35,3,990,980,3,0,-999
06/06/2026 18:31:35,3,990,980,3,0,-999
06/06/2026 18:32:35,3,990,980,3,0,-999
06/06/2026 18:33:35,3,990,980,3,0,-999
06/06/2026 18:34:35,3,990,980,3,0,-999
06/06/2026 18:35:35,3,990,980,3,0,-999
06/06/2026 18:36:35,3,990,980,3,0,-999
06/06/2026 18:37:35,3,990,980,3,0,-999
06/06/2026 18:38:35,3,990,980,3,0,-999
06/06/2026 18:39:35,3,990,980,3,0,-999
06/06/2026 18:40:35,3,990,980,3,0,-999
06/06/2026 18:41:35,3,990,980,3,0,-999
06/06/2026 18:42:35,3,990,980,3,0,-999
06/06/2026 18:43:35,3,990,980,3,0,-999
06/06/2026 18:44:35,3,990,980,3,0,-999
06/06/2026 18:45:35,3,990,980,3,0,-999
06/06/2026 18:46:35,3,990,980,3,0,-999
06/06/2026 18:47:35,3,990,980,3,0,-999
06/06/2026 18:48:35,3,990,980,3,0,-999
06/06/2026 18:49:35,3,990,980,3,0,-999
06/06/2026 18:50:35,3,990,980,3,0,-999
06/06/2026 18:51:35,3,990,980,3,0,-999
06/06/2026 18:52:35,3,990,980,3,0,-999
06/06/2026 18:53:35,3,990,980,3,0,-999
06/06/2026 18:54:35,3,990,980,3,0,-999
06/06/2026 18:55:35,3,990,980,3,0,-999
06/06/2026 18:56:35,3,990,980,3,0,-999
06/06/2026 18:57:35,3,990,980,3,0,-999
06/06/2026 18:58:35,3,990,980,3,0,-999
06/06/2026 18:59:35,3,990,980,3,0,-999
06/06/2026 19:00:35,3,960,990,3,0,-999
06/06/2026 19:01:35,3,930,990,3,0,-999
06/06/2026 19:02:35,3,920,990,3,0,-999
06/06/2026 19:03:35,3,910,990,3,0,-999
06/06/2026 19:04:35,3,900,990,3,0,-999
06/06/2026 19:05:35,3,900,990,3,0,-999
06/06/2026 19:06:35,3,900,990,3,0,-999
06/06/2026 19:07:35,3,900,990,3,0,-999
06/06/2026 19:08:35,3,920,990,3,0,-999
06/06/2026 19:09:35,3,950,990,3,0,-999
06/06/2026 19:10:35,3,890,990,3,0,-999
06/06/2026 19:11:35,3,890,990,3,0,-999
06/06/2026 19:12:35,3,910,990,3,0,-999
06/06/2026 19:13:35,3,890,990,3,0,-999
06/06/2026 19:14:35,3,900,990,3,0,-999
06/06/2026 19:15:35,3,900,990,3,0,-999
06/06/2026 19:16:35,3,900,990,3,0,-999
06/06/2026 19:17:35,3,900,990,3,0,-999
06/06/2026 19:18:35,3,900,990,3,0,-999
06/06/2026 19:19:35,3,980,990,3,0,-999
06/06/2026 19:20:35,3,900,990,3,0,-999
06/06/2026 19:21:35,3,910,990,3,0,-999
06/06/2026 19:22:35,3,970,990,3,0,-999
06/06/2026 19:23:35,3,910,990,3,0,-999
06/06/2026 19:24:35,3,920,990,3,0,-999
06/06/2026 19:25:35,3,940,990,3,0,-999
06/06/2026 19:26:35,3,990,990,3,0,-999
06/06/2026 19:27:35,3,960,990,3,0,-999
06/06/2026 19:28:35,3,990,990,3,0,-999
06/06/2026 19:29:35,3,990,990,3,0,-999
06/06/2026 19:30:35,3,990,990,3,0,-999
06/06/2026 19:31:35,3,970,990,3,0,-999
06/06/2026 19:32:35,3,990,990,3,0,-999
06/06/2026 19:33:35,3,950,990,3,0,-999
06/06/2026 19:34:35,3,990,990,3,0,-999
06/06/2026 19:35:35,3,990,990,3,0,-999
06/06/2026 19:36:35,3,990,990,3,0,-999
06/06/2026 19:37:35,3,990,990,3,0,-999
06/06/2026 19:38:35,3,990,990,3,0,-999
06/06/2026 19:39:35,3,990,990,3,0,-999
06/06/2026 19:40:35,3,990,990,3,0,-999
06/06/2026 19:41:35,3,990,990,3,0,-999
06/06/2026 19:42:35,3,990,990,3,0,-999
06/06/2026 19:43:35,3,990,990,3,0,-999
06/06/2026 19:44:35,3,990,990,3,0,-999
06/06/2026 19:45:35,3,990,990,3,0,-999
06/06/2026 19:46:35,3,990,990,3,0,-999
06/06/2026 19:47:35,3,990,990,3,0,-999
06/06/2026 19:48:35,3,990,990,3,0,-999
06/06/2026 19:49:35,3,990,990,3,0,-999
06/06/2026 19:50:35,3,990,990,3,0,-999
06/06/2026 19:51:35,3,990,990,3,0,-999
06/06/2026 19:52:35,3,990,990,3,0,-999
06/06/2026 19:53:35,3,990,990,3,0,-999
06/06/2026 19:54:35,3,990,990,3,0,-999
06/06/2026 19:55:35,3,990,990,3,0,-999
06/06/2026 19:56:35,3,990,990,3,0,-999
06/06/2026 19:57:35,3,990,990,3,0,-999
06/06/2026 19:58:35,3,990,990,3,0,-999
06/06/2026 19:59:35,3,990,990,3,0,-999
06/06/2026 20:00:35,3,990,990,3,0,-999
06/06/2026 20:01:35,3,990,990,3,0,-999
06/06/2026 20:02:35,3,990,990,3,0,-999
06/06/2026 20:03:35,3,990,990,3,0,-999
06/06/2026 20:04:35,3,990,990,3,0,-999
06/06/2026 20:05:35,3,990,990,3,0,-999
06/06/2026 20:06:35,3,990,990,3,0,-999
06/06/2026 20:07:35,3,990,990,3,0,-999
06/06/2026 20:08:35,3,990,990,3,0,-999
06/06/2026 20:09:35,3,990,990,3,0,-999
06/06/2026 20:10:35,3,990,990,3,0,-999
06/06/2026 20:11:35,3,990,990,3,0,-999
06/06/2026 20:12:35,3,990,990,3,0,-999
06/06/2026 20:13:35,3,990,990,3,0,-999
06/06/2026 20:14:35,3,990,990,3,0,-999
06/06/2026 20:15:35,3,990,990,3,0,-999
06/06/2026 20:16:35,3,990,990,3,0,-999
06/06/2026 20:17:35,3,990,990,3,0,-999
06/06/2026 20:18:35,3,990,990,3,0,-999
06/06/2026 20:19:35,3,990,990,3,0,-999
06/06/2026 20:20:35,3,990,990,3,0,-999
06/06/2026 20:21:35,3,990,990,3,0,-999
06/06/2026 20:22:35,3,990,990,3,0,-999
06/06/2026 20:23:35,3,990,990,3,0,-999
06/06/2026 20:24:35,3,990,990,3,0,-999
06/06/2026 20:25:35,3,990,990,3,0,-999
06/06/2026 20:26:35,3,990,990,3,0,-999
06/06/2026 20:27:35,3,990,990,3,0,-999
06/06/2026 20:28:35,3,990,990,3,0,-999
06/06/2026 20:29:35,3,990,990,3,0,-999
06/06/2026 20:30:35,3,990,990,3,0,-999
06/06/2026 20:31:35,3,990,990,3,0,-999
06/06/2026 20:32:35,3,990,990,3,0,-999
06/06/2026 20:33:35,3,970,990,3,0,-999
06/06/2026 20:34:35,3,920,990,3,0,-999
06/06/2026 20:35:35,3,900,990,3,0,-999
06/06/2026 20:36:35,3,880,990,3,0,-999
06/06/2026 20:37:35,3,870,990,3,0,-999
06/06/2026 20:38:35,3,870,990,3,0,-999
06/06/2026 20:39:35,3,860,990,3,0,-999
06/06/2026 20:40:35,3,860,990,3,0,-999
06/06/2026 20:41:35,3,850,990,3,0,-999
06/06/2026 20:42:35,3,850,990,3,0,-999
06/06/2026 20:43:35,3,850,990,3,0,-999
06/06/2026 20:44:35,3,850,990,3,0,-999
06/06/2026 20:45:35,3,850,990,3,0,-999
06/06/2026 20:46:35,3,850,990,3,0,-999
06/06/2026 20:47:35,3,850,990,3,0,-999
06/06/2026 20:48:35,3,60,990,3,0,-999
06/06/2026 20:49:35,3,60,990,3,0,-999
06/06/2026 20:50:35,3,60,990,3,0,-999
06/06/2026 20:51:35,3,60,990,3,0,-999
06/06/2026 20:52:35,3,60,990,3,0,-999
06/06/2026 20:53:35,3,60,990,3,0,-999
06/06/2026 20:54:35,3,60,990,3,0,-999
06/06/2026 20:55:35,3,60,990,3,0,-999
06/06/2026 20:56:35,3,60,990,3,0,-999
06/06/2026 20:57:35,3,60,990,3,0,-999
06/06/2026 20:58:35,3,60,990,3,0,-999
06/06/2026 20:59:35,3,60,990,3,0,-999
06/06/2026 21:00:35,2,60,990,3,0,-999
06/06/2026 21:01:35,2,60,990,3,0,-999
06/06/2026 21:02:35,2,60,990,3,0,-999
06/06/2026 21:03:35,2,60,990,3,0,-999
06/06/2026 21:04:35,2,60,990,3,0,-999
06/06/2026 21:05:35,2,60,990,3,0,-999
06/06/2026 21:06:35,2,60,990,3,0,-999
06/06/2026 21:07:35,2,60,990,3,0,-999
06/06/2026 21:08:35,2,70,990,3,0,-999
06/06/2026 21:09:35,2,70,990,3,0,-999
06/06/2026 21:10:35,2,60,990,3,0,-999
06/06/2026 21:11:35,2,60,990,3,0,-999
06/06/2026 21:12:35,2,60,990,3,0,-999
06/06/2026 21:13:35,2,60,990,3,0,-999
06/06/2026 21:14:35,2,60,990,3,0,-999
06/06/2026 21:15:35,2,60,990,3,0,-999
06/06/2026 21:16:35,2,60,990,3,0,-999
06/06/2026 21:17:35,2,60,990,3,0,-999
06/06/2026 21:18:35,2,60,990,3,0,-999
06/06/2026 21:19:35,2,60,990,3,0,-999
06/06/2026 21:20:35,2,60,990,3,0,-999
06/06/2026 21:21:35,2,60,990,3,0,-999
06/06/2026 21:22:35,2,60,990,3,0,-999
06/06/2026 21:23:35,2,60,990,3,0,-999
06/06/2026 21:24:35,2,60,990,3,0,-999
06/06/2026 21:25:35,2,60,990,3,0,-999
06/06/2026 21:26:35,2,60,990,3,0,-999
06/06/2026 21:27:35,2,860,990,3,0,-999
06/06/2026 21:28:35,2,860,990,3,0,-999
06/06/2026 21:29:35,2,860,990,3,0,-999
06/06/2026 21:30:35,2,880,990,3,0,-999
06/06/2026 21:31:35,2,860,990,3,0,-999
06/06/2026 21:32:35,2,70,990,3,0,-999
06/06/2026 21:33:35,2,860,990,3,0,-999
06/06/2026 21:34:35,2,860,990,3,0,-999
06/06/2026 21:35:35,2,860,990,3,0,-999
06/06/2026 21:36:35,2,70,990,3,0,-999
06/06/2026 21:37:35,2,70,990,3,0,-999
06/06/2026 21:38:35,2,70,990,3,0,-999
06/06/2026 21:39:35,2,70,990,3,0,-999
06/06/2026 21:40:35,2,70,990,3,0,-999
06/06/2026 21:41:35,2,70,990,3,0,-999
06/06/2026 21:42:35,2,70,990,3,0,-999
06/06/2026 21:43:35,2,70,990,3,0,-999
06/06/2026 21:44:35,2,70,990,3,0,-999
06/06/2026 21:45:35,2,70,990,3,0,-999
06/06/2026 21:46:35,2,70,990,3,0,-999
06/06/2026 21:47:35,2,70,990,3,0,-999
06/06/2026 21:48:35,2,70,990,3,0,-999
06/06/2026 21:49:35,2,70,990,3,0,-999
06/06/2026 21:50:35,2,70,990,3,0,-999
06/06/2026 21:51:35,2,70,990,3,0,-999
06/06/2026 21:52:35,2,70,990,3,0,-999
06/06/2026 21:53:35,2,70,990,3,0,-999
06/06/2026 21:54:35,2,70,990,3,0,-999
06/06/2026 21:55:35,2,70,990,3,0,-999
06/06/2026 21:56:35,2,70,990,3,0,-999
06/06/2026 21:57:35,2,70,990,3,0,-999
06/06/2026 21:58:35,2,70,990,3,0,-999
06/06/2026 21:59:35,2,70,990,3,0,-999
06/06/2026 22:00:35,3,70,60,3,0,-999
06/06/2026 22:01:35,3,870,60,3,0,-999
06/06/2026 22:02:35,3,860,60,3,0,-999
06/06/2026 22:03:35,3,870,60,3,0,-999
06/06/2026 22:04:35,3,70,60,3,0,-999
06/06/2026 22:05:35,3,870,60,3,0,-999
06/06/2026 22:06:35,3,70,60,3,0,-999
06/06/2026 22:07:35,3,940,60,3,0,-999
06/06/2026 22:08:35,3,870,60,3,0,-999
06/06/2026 22:09:35,3,870,60,3,0,-999
06/06/2026 22:10:35,3,880,60,3,0,-999
06/06/2026 22:11:35,3,880,60,3,0,-999
06/06/2026 22:12:35,3,880,60,3,0,-999
06/06/2026 22:13:35,3,880,60,3,0,-999
06/06/2026 22:14:35,3,890,60,3,0,-999
06/06/2026 22:15:35,3,890,60,3,1,10380
06/06/2026 22:16:35,3,890,60,3,1,10380
06/06/2026 22:17:35,3,890,60,3,1,10380
06/06/2026 22:18:35,3,890,60,3,0,-999
06/06/2026 22:19:35,3,890,60,3,0,-999
06/06/2026 22:20:35,3,890,60,3,0,-999
06/06/2026 22:21:35,3,890,60,3,0,-999
06/06/2026 22:22:35,3,890,60,3,0,-999
06/06/2026 22:23:35,3,890,60,3,0,-999
06/06/2026 22:24:35,3,890,60,3,0,-999
06/06/2026 22:25:35,3,890,60,3,0,-999
06/06/2026 22:26:35,3,890,60,3,0,-999
06/06/2026 22:27:35,3,890,60,3,0,-999
06/06/2026 22:28:35,3,890,60,3,0,-999
06/06/2026 22:29:35,3,890,60,3,0,-999
06/06/2026 22:30:35,3,890,60,3,0,-999
06/06/2026 22:31:35,3,890,60,3,0,-999
06/06/2026 22:32:35,3,900,60,3,0,-999
06/06/2026 22:33:35,3,890,60,3,0,-999
06/06/2026 22:34:35,3,890,60,3,0,-999
06/06/2026 22:35:35,3,890,60,3,0,-999
06/06/2026 22:36:35,3,890,60,3,0,-999
06/06/2026 22:37:35,3,890,60,3,0,-999
06/06/2026 22:38:35,3,890,60,3,0,-999
06/06/2026 22:39:35,3,890,60,3,0,-999
06/06/2026 22:40:35,3,960,60,3,0,-999
06/06/2026 22:41:35,3,890,60,3,0,-999
06/06/2026 22:42:35,3,890,60,3,0,-999
06/06/2026 22:43:35,3,890,60,3,0,-999
06/06/2026 22:44:35,3,930,60,3,0,-999
06/06/2026 22:45:35,3,970,60,3,0,-999
06/06/2026 22:46:35,3,890,60,3,0,-999
06/06/2026 22:47:35,3,890,60,3,0,-999
06/06/2026 22:48:35,3,890,60,3,0,-999
06/06/2026 22:49:35,3,890,60,3,0,-999
06/06/2026 22:50:35,3,880,60,3,0,-999
06/06/2026 22:51:35,3,890,60,3,0,-999
06/06/2026 22:52:35,3,890,60,3,0,-999
06/06/2026 22:53:35,3,890,60,3,0,-999
06/06/2026 22:54:35,3,890,60,3,0,-999
06/06/2026 22:55:35,3,890,60,3,0,-999
06/06/2026 22:56:35,3,880,60,3,0,-999
06/06/2026 22:57:35,3,890,60,3,0,-999
06/06/2026 22:58:35,3,890,60,3,0,-999
06/06/2026 22:59:35,3,990,60,3,0,-999
06/06/2026 23:00:35,3,890,890,3,0,-999
06/06/2026 23:01:35,3,890,890,3,0,-999
06/06/2026 23:02:35,3,890,890,3,0,-999
06/06/2026 23:03:35,3,990,890,3,0,-999
06/06/2026 23:04:35,3,950,890,3,0,-999
06/06/2026 23:05:35,3,890,890,3,0,-999
06/06/2026 23:06:35,3,890,890,3,0,-999
06/06/2026 23:07:35,3,890,890,3,0,-999
06/06/2026 23:08:35,3,890,890,3,0,-999
06/06/2026 23:09:35,3,960,890,3,0,-999
06/06/2026 23:10:35,3,890,890,3,0,-999
06/06/2026 23:11:35,3,890,890,3,0,-999
06/06/2026 23:12:35,3,890,890,3,0,-999
06/06/2026 23:13:35,3,960,890,3,0,-999
06/06/2026 23:14:35,3,990,890,3,0,-999
06/06/2026 23:15:35,3,890,890,3,0,-999
06/06/2026 23:16:35,3,900,890,3,0,-999
06/06/2026 23:17:35,3,990,890,3,0,-999
06/06/2026 23:18:35,3,920,890,3,0,-999
06/06/2026 23:19:35,3,990,890,3,0,-999
06/06/2026 23:20:35,3,900,890,3,0,-999
06/06/2026 23:21:35,3,920,890,3,0,-999
06/06/2026 23:22:35,3,990,890,3,0,-999
06/06/2026 23:23:35,3,990,890,3,0,-999
06/06/2026 23:24:35,3,990,890,3,0,-999
06/06/2026 23:25:35,3,990,890,3,0,-999
06/06/2026 23:26:35,3,990,890,3,0,-999
06/06/2026 23:27:35,3,990,890,3,0,-999
06/06/2026 23:28:35,3,990,890,3,0,-999
06/06/2026 23:29:35,3,990,890,3,0,-999
06/06/2026 23:30:35,3,990,890,3,0,-999
06/06/2026 23:31:35,3,990,890,3,0,-999
06/06/2026 23:32:35,3,990,890,3,0,-999
06/06/2026 23:33:35,3,990,890,3,0,-999
06/06/2026 23:34:35,3,990,890,3,0,-999
06/06/2026 23:35:35,3,990,890,3,0,-999
06/06/2026 23:36:35,3,990,890,3,0,-999
06/06/2026 23:37:35,3,990,890,3,0,-999
06/06/2026 23:38:35,3,990,890,3,0,-999
06/06/2026 23:39:35,3,990,890,3,0,-999
06/06/2026 23:40:35,3,990,890,3,0,-999
06/06/2026 23:41:35,3,990,890,3,0,-999
06/06/2026 23:42:35,3,990,890,3,0,-999
06/06/2026 23:43:35,3,990,890,3,0,-999
06/06/2026 23:44:35,3,990,890,3,0,-999
06/06/2026 23:45:35,3,990,890,3,0,-999
06/06/2026 23:46:35,3,990,890,3,0,-999
06/06/2026 23:47:35,3,990,890,3,0,-999
06/06/2026 23:48:35,3,990,890,3,0,-999
06/06/2026 23:49:35,3,990,890,3,0,-999
06/06/2026 23:50:35,3,990,890,3,0,-999
06/06/2026 23:51:35,3,990,890,3,0,-999
06/06/2026 23:52:35,3,990,890,3,1,9930
06/06/2026 23:53:35,3,990,890,3,1,9950
06/06/2026 23:54:35,3,990,890,3,1,9970
06/06/2026 23:55:35,3,990,890,3,1,10150
06/06/2026 23:56:35,3,990,890,3,1,10140
06/06/2026 23:57:35,3,990,890,3,1,10140
06/06/2026 23:58:35,3,990,890,3,1,10140
06/06/2026 23:59:35,3,990,890,3,1,10150
07/06/2026 00:00:35,3,990,990,3,1,10220
07/06/2026 00:01:35,3,990,990,3,1,10250
07/06/2026 00:02:35,3,990,990,3,1,10280
07/06/2026 00:03:35,3,990,990,3,1,10290
07/06/2026 00:04:35,3,990,990,3,1,10290
07/06/2026 00:05:35,3,990,990,3,1,10300
07/06/2026 00:06:35,3,990,990,3,1,10310
07/06/2026 00:07:35,3,990,990,3,1,10320
07/06/2026 00:08:35,3,990,990,3,1,10330
07/06/2026 00:09:35,3,990,990,3,1,10330
07/06/2026 00:10:35,3,990,990,3,1,10320
07/06/2026 00:11:35,3,990,990,3,1,10320
07/06/2026 00:12:35,3,990,990,3,1,10320
07/06/2026 00:13:35,3,990,990,3,1,10320
07/06/2026 00:14:35,3,990,990,3,1,10310
07/06/2026 00:15:35,3,990,990,3,1,10280
07/06/2026 00:16:35,3,990,990,3,1,10260
07/06/2026 00:17:35,3,990,990,3,1,10260
07/06/2026 00:18:35,3,990,990,3,1,9840
07/06/2026 00:19:35,3,990,990,3,1,9840
07/06/2026 00:20:35,3,990,990,3,1,9860
07/06/2026 00:21:35,3,990,990,3,1,9860
07/06/2026 00:22:35,3,990,990,3,1,9870
07/06/2026 00:23:35,3,990,990,3,1,9880
07/06/2026 00:24:35,3,990,990,3,1,9880
07/06/2026 00:25:35,3,990,990,3,1,9890
07/06/2026 00:26:35,3,990,990,3,1,9920
07/06/2026 00:27:35,3,990,990,3,1,9920
07/06/2026 00:28:35,3,990,990,3,1,9940
07/06/2026 00:29:35,3,990,990,3,1,9940
07/06/2026 00:30:35,3,990,990,3,1,9940
07/06/2026 00:31:35,3,990,990,3,1,9950
07/06/2026 00:32:35,3,990,990,3,1,9950
07/06/2026 00:33:35,3,990,990,3,1,9950
07/06/2026 00:34:35,3,990,990,3,1,9950
07/06/2026 00:35:35,3,990,990,3,1,9960
07/06/2026 00:36:35,3,990,990,3,1,9970
07/06/2026 00:37:35,3,990,990,3,1,9980
07/06/2026 00:38:35,3,990,990,3,1,9990
07/06/2026 00:39:35,3,990,990,3,1,9980
07/06/2026 00:40:35,3,990,990,3,1,9980
07/06/2026 00:41:35,3,990,990,3,1,9970
07/06/2026 00:42:35,3,990,990,3,1,9970
07/06/2026 00:43:35,3,990,990,3,1,9960
07/06/2026 00:44:35,3,990,990,3,1,9960
07/06/2026 00:45:35,3,990,990,3,1,9950
07/06/2026 00:46:35,3,990,990,3,1,9950
07/06/2026 00:47:35,3,990,990,3,1,9970
07/06/2026 00:48:35,3,990,990,3,1,10000
07/06/2026 00:49:35,3,990,990,3,1,10000
07/06/2026 00:50:35,3,990,990,3,1,10000
07/06/2026 00:51:35,3,990,990,3,1,9990
07/06/2026 00:52:35,3,990,990,3,1,9980
07/06/2026 00:53:35,3,990,990,3,1,9980
07/06/2026 00:54:35,3,990,990,3,1,9970
07/06/2026 00:55:35,3,990,990,3,1,9970
07/06/2026 00:56:35,3,990,990,3,1,9970
07/06/2026 00:57:35,3,990,990,3,1,9980
07/06/2026 00:58:35,3,990,990,3,1,9970
07/06/2026 00:59:35,3,990,990,3,1,9980
07/06/2026 01:00:35,3,990,990,3,1,9980
07/06/2026 01:01:35,3,990,990,3,1,10000
07/06/2026 01:02:35,3,990,990,3,1,10010
07/06/2026 01:03:35,3,990,990,3,1,10010
07/06/2026 01:04:35,3,990,990,3,1,10020
07/06/2026 01:05:35,3,990,990,3,1,10020
07/06/2026 01:06:35,3,990,990,3,1,10020
07/06/2026 01:07:35,3,990,990,3,0,-999
07/06/2026 01:08:35,3,990,990,3,0,-999
07/06/2026 01:09:35,3,990,990,3,0,-999
07/06/2026 01:10:35,3,990,990,3,0,-999
07/06/2026 01:11:35,3,990,990,3,0,-999
07/06/2026 01:12:35,3,990,990,3,0,-999
07/06/2026 01:13:35,3,990,990,3,0,-999
07/06/2026 01:14:35,3,990,990,3,0,-999
07/06/2026 01:15:35,3,990,990,3,0,-999
07/06/2026 01:16:35,3,990,990,3,0,-999
07/06/2026 01:17:35,3,990,990,3,0,-999
07/06/2026 01:18:35,3,990,990,3,0,-999
07/06/2026 01:19:35,3,990,990,3,0,-999
07/06/2026 01:20:35,3,990,990,3,0,-999
07/06/2026 01:21:35,3,990,990,3,0,-999
07/06/2026 01:22:35,3,990,990,3,0,-999
07/06/2026 01:23:35,3,990,990,3,0,-999
07/06/2026 01:24:35,3,990,990,3,0,-999
07/06/2026 01:25:35,3,990,990,3,0,-999
07/06/2026 01:26:35,3,990,990,3,0,-999
07/06/2026 01:27:35,3,990,990,3,0,-999
07/06/2026 01:28:35,3,990,990,3,0,-999
07/06/2026 01:29:35,3,990,990,3,0,-999
07/06/2026 01:30:35,3,990,990,3,0,-999
07/06/2026 01:31:35,3,990,990,3,0,-999
07/06/2026 01:32:35,3,990,990,3,0,-999
07/06/2026 01:33:35,3,990,990,3,0,-999
07/06/2026 01:34:35,3,990,990,3,0,-999
07/06/2026 01:35:35,3,990,990,3,0,-999
07/06/2026 01:36:35,3,990,990,3,0,-999
07/06/2026 01:37:35,3,990,990,3,0,-999
07/06/2026 01:38:35,3,990,990,3,0,-999
07/06/2026 01:39:35,3,990,990,3,0,-999
07/06/2026 01:40:35,3,990,990,3,0,-999
07/06/2026 01:41:35,3,990,990,3,0,-999
07/06/2026 01:42:35,3,990,990,3,0,-999
07/06/2026 01:43:35,3,990,990,3,0,-999
07/06/2026 01:44:35,3,990,990,3,0,-999
07/06/2026 01:45:35,3,990,990,3,0,-999
07/06/2026 01:46:35,3,990,990,3,0,-999
07/06/2026 01:47:35,3,990,990,3,0,-999
07/06/2026 01:48:35,3,990,990,3,0,-999
07/06/2026 01:49:35,3,990,990,3,0,-999
07/06/2026 01:50:35,3,990,990,3,0,-999
07/06/2026 01:51:35,3,990,990,3,0,-999
07/06/2026 01:52:35,3,990,990,3,0,-999
07/06/2026 01:53:35,3,990,990,3,0,-999
07/06/2026 01:54:35,3,990,990,3,0,-999
07/06/2026 01:55:35,3,980,990,3,0,-999
07/06/2026 01:56:35,3,980,990,3,0,-999
07/06/2026 01:57:35,3,980,990,3,0,-999
07/06/2026 01:58:35,3,980,990,3,0,-999
07/06/2026 01:59:35,3,980,990,3,0,-999
07/06/2026 02:00:35,3,970,990,3,0,-999
07/06/2026 02:01:35,3,970,990,3,0,-999
07/06/2026 02:02:35,3,970,990,3,0,-999
07/06/2026 02:03:35,3,970,990,3,0,-999
07/06/2026 02:04:35,3,970,990,3,0,-999
07/06/2026 02:05:35,3,970,990,3,0,-999
07/06/2026 02:06:35,3,960,990,3,0,-999
07/06/2026 02:07:35,3,960,990,3,0,-999
07/06/2026 02:08:35,3,950,990,3,0,-999
07/06/2026 02:09:35,3,960,990,3,0,-999
07/06/2026 02:10:35,3,880,990,3,0,-999
07/06/2026 02:11:35,3,960,990,3,0,-999
07/06/2026 02:12:35,3,950,990,3,0,-999
07/06/2026 02:13:35,3,950,990,3,0,-999
07/06/2026 02:14:35,3,950,990,3,0,-999
07/06/2026 02:15:35,3,950,990,3,0,-999
07/06/2026 02:16:35,3,950,990,3,0,-999
07/06/2026 02:17:35,3,950,990,3,0,-999
07/06/2026 02:18:35,3,950,990,3,0,-999
07/06/2026 02:19:35,3,940,990,3,0,-999
07/06/2026 02:20:35,3,940,990,3,0,-999
07/06/2026 02:21:35,3,920,990,3,0,-999
07/06/2026 02:22:35,3,910,990,3,0,-999
07/06/2026 02:23:35,3,910,990,3,0,-999
07/06/2026 02:24:35,3,900,990,3,0,-999
07/06/2026 02:25:35,3,890,990,3,0,-999
07/06/2026 02:26:35,3,890,990,3,0,-999
07/06/2026 02:27:35,3,880,990,3,0,-999
07/06/2026 02:28:35,3,870,990,3,0,-999
07/06/2026 02:29:35,3,870,990,3,0,-999
07/06/2026 02:30:35,3,860,990,3,0,-999
07/06/2026 02:31:35,3,850,990,3,0,-999
07/06/2026 02:32:35,3,850,990,3,0,-999
07/06/2026 02:33:35,3,840,990,3,0,-999
07/06/2026 02:34:35,3,840,990,3,0,-999
07/06/2026 02:35:35,3,830,990,3,0,-999
07/06/2026 02:36:35,3,820,990,3,0,-999
07/06/2026 02:37:35,3,820,990,3,0,-999
07/06/2026 02:38:35,3,810,990,3,0,-999
07/06/2026 02:39:35,3,810,990,3,0,-999
07/06/2026 02:40:35,3,800,990,3,0,-999
07/06/2026 02:41:35,3,790,990,3,0,-999
07/06/2026 02:42:35,3,790,990,3,0,-999
07/06/2026 02:43:35,3,780,990,3,0,-999
07/06/2026 02:44:35,3,780,990,3,0,-999
07/06/2026 02:45:35,3,780,990,3,0,-999
07/06/2026 02:46:35,3,770,990,3,0,-999
07/06/2026 02:47:35,3,770,990,3,0,-999
07/06/2026 02:48:35,3,770,990,3,0,-999
07/06/2026 02:49:35,3,770,990,3,0,-999
07/06/2026 02:50:35,3,760,990,3,0,-999
07/06/2026 02:51:35,3,760,990,3,0,-999
07/06/2026 02:52:35,3,760,990,3,0,-999
07/06/2026 02:53:35,3,760,990,3,0,-999
07/06/2026 02:54:35,3,750,990,3,0,-999
07/06/2026 02:55:35,3,750,990,3,0,-999
07/06/2026 02:56:35,3,750,990,3,0,-999
07/06/2026 02:57:35,3,750,990,3,0,-999
07/06/2026 02:58:35,3,750,990,3,0,-999
07/06/2026 02:59:35,3,750,990,3,0,-999
07/06/2026 03:00:35,2,750,860,3,0,-999
07/06/2026 03:01:35,2,750,860,3,0,-999
07/06/2026 03:02:35,2,750,860,3,0,-999
07/06/2026 03:03:35,2,750,860,3,0,-999
07/06/2026 03:04:35,2,760,860,3,0,-999
07/06/2026 03:05:35,2,760,860,3,0,-999
07/06/2026 03:06:35,2,760,860,3,0,-999
07/06/2026 03:07:35,2,770,860,3,0,-999
07/06/2026 03:08:35,2,770,860,3,0,-999
07/06/2026 03:09:35,2,770,860,3,0,-999
07/06/2026 03:10:35,2,770,860,3,0,-999
07/06/2026 03:11:35,2,770,860,3,0,-999
07/06/2026 03:12:35,2,770,860,3,0,-999
07/06/2026 03:13:35,2,770,860,3,0,-999
07/06/2026 03:14:35,2,760,860,3,0,-999
07/06/2026 03:15:35,2,760,860,3,0,-999
07/06/2026 03:16:35,2,750,860,3,0,-999
07/06/2026 03:17:35,2,740,860,3,0,-999
07/06/2026 03:18:35,2,740,860,3,0,-999
07/06/2026 03:19:35,2,730,860,3,0,-999
07/06/2026 03:20:35,2,720,860,3,0,-999
07/06/2026 03:21:35,2,720,860,3,0,-999
07/06/2026 03:22:35,2,710,860,3,0,-999
07/06/2026 03:23:35,2,710,860,3,0,-999
07/06/2026 03:24:35,2,700,860,3,0,-999
07/06/2026 03:25:35,2,700,860,3,0,-999
07/06/2026 03:26:35,2,690,860,3,0,-999
07/06/2026 03:27:35,2,680,860,3,0,-999
07/06/2026 03:28:35,2,680,860,3,0,-999
07/06/2026 03:29:35,2,670,860,3,0,-999
07/06/2026 03:30:35,2,660,860,3,0,-999
07/06/2026 03:31:35,2,660,860,3,0,-999
07/06/2026 03:32:35,2,650,860,3,0,-999
07/06/2026 03:33:35,2,640,860,3,0,-999
07/06/2026 03:34:35,2,640,860,3,0,-999
07/06/2026 03:35:35,2,630,860,3,0,-999
07/06/2026 03:36:35,2,630,860,3,0,-999
07/06/2026 03:37:35,2,620,860,3,0,-999
07/06/2026 03:38:35,2,620,860,3,0,-999
07/06/2026 03:39:35,2,610,860,3,0,-999
07/06/2026 03:40:35,2,610,860,3,0,-999
07/06/2026 03:41:35,2,600,860,3,0,-999
07/06/2026 03:42:35,2,590,860,3,0,-999
07/06/2026 03:43:35,2,590,860,3,0,-999
07/06/2026 03:44:35,2,580,860,3,0,-999
07/06/2026 03:45:35,2,580,860,3,0,-999
07/06/2026 03:46:35,2,570,860,3,0,-999
07/06/2026 03:47:35,2,570,860,3,0,-999
07/06/2026 03:48:35,2,560,860,3,0,-999
07/06/2026 03:49:35,2,560,860,3,0,-999
07/06/2026 03:50:35,2,560,860,3,0,-999
07/06/2026 03:51:35,2,550,860,3,0,-999
07/06/2026 03:52:35,2,550,860,3,0,-999
07/06/2026 03:53:35,2,540,860,3,0,-999
07/06/2026 03:54:35,2,540,860,3,0,-999
07/06/2026 03:55:35,2,540,860,3,0,-999
07/06/2026 03:56:35,2,530,860,3,0,-999
07/06/2026 03:57:35,2,530,860,3,0,-999
07/06/2026 03:58:35,2,520,860,3,0,-999
07/06/2026 03:59:35,2,520,860,3,0,-999
07/06/2026 04:00:35,2,520,660,3,0,-999
07/06/2026 04:01:35,2,510,660,3,0,-999
07/06/2026 04:02:35,2,510,660,3,0,-999
07/06/2026 04:03:35,2,510,660,3,0,-999
07/06/2026 04:04:35,2,500,660,3,0,-999
07/06/2026 04:05:35,2,500,660,3,0,-999
07/06/2026 04:06:35,2,500,660,3,0,-999
07/06/2026 04:07:35,2,490,660,3,0,-999
07/06/2026 04:08:35,2,490,660,3,0,-999
07/06/2026 04:09:35,2,490,660,3,0,-999
07/06/2026 04:10:35,2,480,660,3,0,-999
07/06/2026 04:11:35,2,480,660,3,0,-999
07/06/2026 04:12:35,2,480,660,3,0,-999
07/06/2026 04:13:35,2,470,660,3,0,-999
07/06/2026 04:14:35,2,470,660,3,0,-999
07/06/2026 04:15:35,2,470,660,3,0,-999
07/06/2026 04:16:35,2,460,660,3,0,-999
07/06/2026 04:17:35,2,460,660,3,0,-999
07/06/2026 04:18:35,2,260,660,3,0,-999
07/06/2026 04:19:35,2,260,660,3,0,-999
07/06/2026 04:20:35,2,260,660,3,0,-999
07/06/2026 04:21:35,2,260,660,3,0,-999
07/06/2026 04:22:35,2,260,660,3,0,-999
07/06/2026 04:23:35,2,260,660,3,0,-999
07/06/2026 04:24:35,2,260,660,3,0,-999
07/06/2026 04:25:35,2,260,660,3,0,-999
07/06/2026 04:26:35,2,260,660,3,0,-999
07/06/2026 04:27:35,2,260,660,3,0,-999
07/06/2026 04:28:35,2,260,660,3,0,-999
07/06/2026 04:29:35,2,260,660,3,0,-999
07/06/2026 04:30:35,2,260,660,3,0,-999
07/06/2026 04:31:35,2,260,660,3,0,-999
07/06/2026 04:32:35,2,260,660,3,0,-999
07/06/2026 04:33:35,2,260,660,3,0,-999
07/06/2026 04:34:35,2,260,660,3,0,-999
07/06/2026 04:35:35,2,260,660,3,0,-999
07/06/2026 04:36:35,2,260,660,3,0,-999
07/06/2026 04:37:35,2,260,660,3,0,-999
07/06/2026 04:38:35,2,260,660,3,0,-999
07/06/2026 04:39:35,2,260,660,3,0,-999
07/06/2026 04:40:35,2,260,660,3,0,-999
07/06/2026 04:41:35,2,260,660,3,0,-999
07/06/2026 04:42:35,2,260,660,3,0,-999
07/06/2026 04:43:35,2,260,660,3,0,-999
07/06/2026 04:44:35,2,260,660,3,0,-999
07/06/2026 04:45:35,2,260,660,3,0,-999
07/06/2026 04:46:35,2,250,660,3,0,-999
07/06/2026 04:47:35,2,250,660,3,0,-999
07/06/2026 04:48:35,2,250,660,3,0,-999
07/06/2026 04:49:35,2,250,660,3,0,-999
07/06/2026 04:50:35,2,250,660,3,0,-999
07/06/2026 04:51:35,2,250,660,3,0,-999
07/06/2026 04:52:35,2,250,660,3,0,-999
07/06/2026 04:53:35,2,250,660,3,0,-999
07/06/2026 04:54:35,2,250,660,3,0,-999
07/06/2026 04:55:35,2,250,660,3,0,-999
07/06/2026 04:56:35,2,250,660,3,0,-999
07/06/2026 04:57:35,2,250,660,3,0,-999
07/06/2026 04:58:35,2,250,660,3,0,-999
07/06/2026 04:59:35,2,250,660,3,0,-999
07/06/2026 05:00:35,2,250,260,3,0,-999
07/06/2026 05:01:35,2,250,260,3,0,-999
07/06/2026 05:02:35,2,250,260,3,0,-999
07/06/2026 05:03:35,2,250,260,3,0,-999
07/06/2026 05:04:35,2,250,260,3,0,-999
07/06/2026 05:05:35,2,250,260,3,0,-999
07/06/2026 05:06:35,2,250,260,3,0,-999
07/06/2026 05:07:35,2,250,260,3,0,-999
07/06/2026 05:08:35,2,250,260,3,0,-999
07/06/2026 05:09:35,2,250,260,3,0,-999
07/06/2026 05:10:35,2,250,260,3,0,-999
07/06/2026 05:11:35,2,250,260,3,0,-999
07/06/2026 05:12:35,2,250,260,3,0,-999
07/06/2026 05:13:35,2,250,260,3,0,-999
07/06/2026 05:14:35,2,250,260,3,0,-999
07/06/2026 05:15:35,2,250,260,3,0,-999
07/06/2026 05:16:35,2,250,260,3,0,-999
07/06/2026 05:17:35,2,250,260,3,0,-999
07/06/2026 05:18:35,2,240,260,3,0,-999
07/06/2026 05:19:35,2,240,260,3,0,-999
07/06/2026 05:20:35,2,240,260,3,0,-999
07/06/2026 05:21:35,2,240,260,3,0,-999
07/06/2026 05:22:35,2,240,260,3,0,-999
07/06/2026 05:23:35,2,240,260,3,0,-999
07/06/2026 05:24:35,2,240,260,3,0,-999
07/06/2026 05:25:35,2,240,260,3,0,-999
07/06/2026 05:26:35,2,240,260,3,0,-999
07/06/2026 05:27:35,2,240,260,3,0,-999
07/06/2026 05:28:35,2,240,260,3,0,-999
07/06/2026 05:29:35,2,240,260,3,0,-999
07/06/2026 05:30:35,2,240,260,3,0,-999
07/06/2026 05:31:35,2,240,260,3,0,-999
07/06/2026 05:32:35,2,240,260,3,0,-999
07/06/2026 05:33:35,2,240,260,3,0,-999
07/06/2026 05:34:35,2,240,260,3,0,-999
07/06/2026 05:35:35,2,240,260,3,0,-999
07/06/2026 05:36:35,2,240,260,3,0,-999
07/06/2026 05:37:35,2,240,260,3,0,-999
07/06/2026 05:38:35,2,240,260,3,0,-999
07/06/2026 05:39:35,2,240,260,3,0,-999
07/06/2026 05:40:35,2,240,260,3,0,-999
07/06/2026 05:41:35,2,240,260,3,0,-999
07/06/2026 05:42:35,2,240,260,3,0,-999
07/06/2026 05:43:35,2,240,260,3,0,-999
07/06/2026 05:44:35,2,240,260,3,0,-999
07/06/2026 05:45:35,2,240,260,3,0,-999
07/06/2026 05:46:35,2,230,260,3,0,-999
07/06/2026 05:47:35,2,230,260,3,0,-999
07/06/2026 05:48:35,2,230,260,3,0,-999
07/06/2026 05:49:35,2,230,260,3,0,-999
07/06/2026 05:50:35,2,230,260,3,0,-999
07/06/2026 05:51:35,2,230,260,3,0,-999
07/06/2026 05:52:35,2,230,260,3,0,-999
07/06/2026 05:53:35,2,230,260,3,0,-999
07/06/2026 05:54:35,2,230,260,3,0,-999
07/06/2026 05:55:35,2,230,260,3,0,-999
07/06/2026 05:56:35,2,230,260,3,0,-999
07/06/2026 05:57:35,2,230,260,3,0,-999
07/06/2026 05:58:35,2,230,260,3,0,-999
07/06/2026 05:59:35,2,230,260,3,0,-999
07/06/2026 06:00:35,3,230,240,3,0,-999
07/06/2026 06:01:35,3,230,240,3,0,-999
07/06/2026 06:02:35,3,230,240,3,0,-999
07/06/2026 06:03:35,3,230,240,3,0,-999
07/06/2026 06:04:35,3,230,240,3,0,-999
07/06/2026 06:05:35,3,230,240,3,0,-999
07/06/2026 06:06:35,3,230,240,3,0,-999
07/06/2026 06:07:35,3,230,240,3,0,-999
07/06/2026 06:08:35,3,230,240,3,0,-999
07/06/2026 06:09:35,3,230,240,3,0,-999
07/06/2026 06:10:35,3,230,240,3,0,-999
07/06/2026 06:11:35,3,230,240,3,0,-999
07/06/2026 06:12:35,3,230,240,3,0,-999
07/06/2026 06:13:35,3,230,240,3,0,-999
07/06/2026 06:14:35,3,230,240,3,0,-999
07/06/2026 06:15:35,3,230,240,3,0,-999
07/06/2026 06:16:35,3,220,240,3,0,-999
07/06/2026 06:17:35,3,220,240,3,0,-999
07/06/2026 06:18:35,3,220,240,3,0,-999
07/06/2026 06:19:35,3,220,240,3,0,-999
07/06/2026 06:20:35,3,220,240,3,0,-999
07/06/2026 06:21:35,3,220,240,3,0,-999
07/06/2026 06:22:35,3,220,240,3,0,-999
07/06/2026 06:23:35,3,220,240,3,0,-999
07/06/2026 06:24:35,3,220,240,3,0,-999
07/06/2026 06:25:35,3,220,240,3,0,-999
07/06/2026 06:26:35,3,220,240,3,0,-999
07/06/2026 06:27:35,3,220,240,3,0,-999
07/06/2026 06:28:35,3,220,240,3,0,-999
07/06/2026 06:29:35,3,220,240,3,0,-999
07/06/2026 06:30:35,3,220,240,3,0,-999
07/06/2026 06:31:35,3,220,240,3,0,-999
07/06/2026 06:32:35,3,220,240,3,0,-999
07/06/2026 06:33:35,3,220,240,3,0,-999
07/06/2026 06:34:35,3,220,240,3,0,-999
07/06/2026 06:35:35,3,220,240,3,0,-999
07/06/2026 06:36:35,3,220,240,3,0,-999
07/06/2026 06:37:35,3,220,240,3,0,-999
07/06/2026 06:38:35,3,220,240,3,0,-999
07/06/2026 06:39:35,3,220,240,3,0,-999
07/06/2026 06:40:35,3,220,240,3,0,-999
07/06/2026 06:41:35,3,220,240,3,0,-999
07/06/2026 06:42:35,3,220,240,3,0,-999
07/06/2026 06:43:35,3,220,240,3,0,-999
07/06/2026 06:44:35,3,220,240,3,0,-999
07/06/2026 06:45:35,3,220,240,3,0,-999
07/06/2026 06:46:35,3,220,240,3,0,-999
07/06/2026 06:47:35,3,210,240,3,0,-999
07/06/2026 06:48:35,3,210,240,3,0,-999
07/06/2026 06:49:35,3,210,240,3,0,-999
07/06/2026 06:50:35,3,210,240,3,0,-999
07/06/2026 06:51:35,3,210,240,3,0,-999
07/06/2026 06:52:35,3,210,240,3,0,-999
07/06/2026 06:53:35,3,210,240,3,0,-999
07/06/2026 06:54:35,3,210,240,3,0,-999
07/06/2026 06:55:35,3,210,240,3,0,-999
07/06/2026 06:56:35,3,210,240,3,0,-999
07/06/2026 06:57:35,3,210,240,3,0,-999
07/06/2026 06:58:35,3,210,240,3,0,-999
07/06/2026 06:59:35,3,210,240,3,0,-999
07/06/2026 07:00:35,3,210,220,3,0,-999
07/06/2026 07:01:35,3,210,220,3,0,-999
07/06/2026 07:02:35,3,210,220,3,0,-999
07/06/2026 07:03:35,3,210,220,3,0,-999
07/06/2026 07:04:35,3,210,220,3,0,-999
07/06/2026 07:05:35,3,210,220,3,0,-999
07/06/2026 07:06:35,3,210,220,3,0,-999
07/06/2026 07:07:35,3,210,220,3,0,-999
07/06/2026 07:08:35,3,210,220,3,0,-999
07/06/2026 07:09:35,3,210,220,3,0,-999
07/06/2026 07:10:35,3,210,220,3,0,-999
07/06/2026 07:11:35,3,210,220,3,0,-999
07/06/2026 07:12:35,3,210,220,3,0,-999
07/06/2026 07:13:35,3,210,220,3,0,-999
07/06/2026 07:14:35,3,210,220,3,0,-999
07/06/2026 07:15:35,3,210,220,3,0,-999
07/06/2026 07:16:35,3,210,220,3,0,-999
07/06/2026 07:17:35,3,210,220,3,0,-999
07/06/2026 07:18:35,3,210,220,3,0,-999
07/06/2026 07:19:35,3,210,220,3,0,-999
07/06/2026 07:20:35,3,210,220,3,0,-999
07/06/2026 07:21:35,3,210,220,3,0,-999
07/06/2026 07:22:35,3,210,220,3,0,-999
07/06/2026 07:23:35,3,210,220,3,0,-999
07/06/2026 07:24:35,3,200,220,3,0,-999
07/06/2026 07:25:35,3,200,220,3,0,-999
07/06/2026 07:26:35,3,200,220,3,0,-999
07/06/2026 07:27:35,3,200,220,3,0,-999
07/06/2026 07:28:35,3,200,220,3,0,-999
07/06/2026 07:29:35,3,200,220,3,0,-999
07/06/2026 07:30:35,3,200,220,3,0,-999
07/06/2026 07:31:35,3,200,220,3,0,-999
07/06/2026 07:32:35,3,200,220,3,0,-999
07/06/2026 07:33:35,3,200,220,3,0,-999
07/06/2026 07:34:35,3,200,220,3,0,-999
07/06/2026 07:35:35,3,200,220,3,0,-999
07/06/2026 07:36:35,3,200,220,3,0,-999
07/06/2026 07:37:35,3,200,220,3,0,-999
07/06/2026 07:38:35,3,200,220,3,0,-999
07/06/2026 07:39:35,3,200,220,3,0,-999
07/06/2026 07:40:35,3,200,220,3,0,-999
07/06/2026 07:41:35,3,200,220,3,0,-999
07/06/2026 07:42:35,3,200,220,3,0,-999
07/06/2026 07:43:35,3,200,220,3,0,-999
07/06/2026 07:44:35,3,200,220,3,0,-999
07/06/2026 07:45:35,3,200,220,3,0,-999
07/06/2026 07:46:35,3,200,220,3,0,-999
07/06/2026 07:47:35,3,200,220,3,0,-999
07/06/2026 07:48:35,3,200,220,3,0,-999
07/06/2026 07:49:35,3,200,220,3,0,-999
07/06/2026 07:50:35,3,200,220,3,0,-999
07/06/2026 07:51:35,3,200,220,3,0,-999
07/06/2026 07:52:35,3,200,220,3,0,-999
07/06/2026 07:53:35,3,200,220,3,0,-999
07/06/2026 07:54:35,3,200,220,3,0,-999
07/06/2026 07:55:35,3,200,220,3,0,-999
07/06/2026 07:56:35,3,200,220,3,0,-999
07/06/2026 07:57:35,3,200,220,3,0,-999
07/06/2026 07:58:35,3,200,220,3,0,-999
07/06/2026 07:59:35,3,200,220,3,0,-999
07/06/2026 08:00:35,3,200,200,3,0,-999
07/06/2026 08:01:35,3,200,200,3,0,-999
07/06/2026 08:02:35,3,200,200,3,0,-999
07/06/2026 08:03:35,3,200,200,3,0,-999
07/06/2026 08:04:35,3,200,200,3,0,-999
07/06/2026 08:05:35,3,200,200,3,0,-999
07/06/2026 08:06:35,3,200,200,3,0,-999
07/06/2026 08:07:35,3,200,200,3,0,-999
07/06/2026 08:08:35,3,200,200,3,0,-999
07/06/2026 08:09:35,3,200,200,3,0,-999
07/06/2026 08:10:35,3,190,200,3,0,-999
07/06/2026 08:11:35,3,190,200,3,0,-999
07/06/2026 08:12:35,3,190,200,3,0,-999
07/06/2026 08:13:35,3,190,200,3,0,-999
07/06/2026 08:14:35,3,190,200,3,0,-999
07/06/2026 08:15:35,3,190,200,3,0,-999
07/06/2026 08:16:35,3,190,200,3,0,-999
07/06/2026 08:17:35,3,190,200,3,0,-999
07/06/2026 08:18:35,3,190,200,3,0,-999
07/06/2026 08:19:35,3,190,200,3,0,-999
07/06/2026 08:20:35,3,190,200,3,0,-999
07/06/2026 08:21:35,3,190,200,3,0,-999
07/06/2026 08:22:35,3,190,200,3,0,-999
07/06/2026 08:23:35,3,190,200,3,0,-999
07/06/2026 08:24:35,3,190,200,3,0,-999
07/06/2026 08:25:35,3,190,200,3,0,-999
07/06/2026 08:26:35,3,190,200,3,0,-999
07/06/2026 08:27:35,3,190,200,3,0,-999
07/06/2026 08:28:35,3,190,200,3,0,-999
07/06/2026 08:29:35,3,190,200,3,0,-999
07/06/2026 08:30:35,3,190,200,3,0,-999
07/06/2026 08:31:35,3,190,200,3,0,-999
07/06/2026 08:32:35,3,190,200,3,0,-999
07/06/2026 08:33:35,3,190,200,3,0,-999
07/06/2026 08:34:35,3,190,200,3,0,-999
07/06/2026 08:35:35,3,190,200,3,0,-999
07/06/2026 08:36:35,3,190,200,3,0,-999
07/06/2026 08:37:35,3,190,200,3,0,-999
07/06/2026 08:38:35,3,190,200,3,0,-999
07/06/2026 08:39:35,3,190,200,3,0,-999
07/06/2026 08:40:35,3,190,200,3,0,-999
07/06/2026 08:41:35,3,190,200,3,0,-999
07/06/2026 08:42:35,3,190,200,3,0,-999
07/06/2026 08:43:35,3,190,200,3,0,-999
07/06/2026 08:44:35,3,190,200,3,0,-999
07/06/2026 08:45:35,3,190,200,3,0,-999
07/06/2026 08:46:35,3,190,200,3,0,-999
07/06/2026 08:47:35,3,190,200,3,0,-999
07/06/2026 08:48:35,3,190,200,3,0,-999
07/06/2026 08:49:35,3,190,200,3,0,-999
07/06/2026 08:50:35,3,190,200,3,0,-999
07/06/2026 08:51:35,3,190,200,3,0,-999
07/06/2026 08:52:35,3,190,200,3,0,-999
07/06/2026 08:53:35,3,190,200,3,0,-999
07/06/2026 08:54:35,3,190,200,3,0,-999
07/06/2026 08:55:35,3,190,200,3,0,-999
07/06/2026 08:56:35,3,190,200,3,0,-999
07/06/2026 08:57:35,3,190,200,3,0,-999
07/06/2026 08:58:35,3,190,200,3,0,-999
07/06/2026 08:59:35,3,190,200,3,0,-999
07/06/2026 09:00:35,3,190,190,3,0,-999
07/06/2026 09:01:35,3,190,190,3,0,-999
07/06/2026 09:02:35,3,180,190,3,0,-999
07/06/2026 09:03:35,3,180,190,3,0,-999
07/06/2026 09:04:35,3,180,190,3,0,-999
07/06/2026 09:05:35,3,180,190,3,0,-999
07/06/2026 09:06:35,3,180,190,3,0,-999
07/06/2026 09:07:35,3,180,190,3,0,-999
07/06/2026 09:08:35,3,180,190,3,0,-999
07/06/2026 09:09:35,3,180,190,3,0,-999
07/06/2026 09:10:35,3,180,190,3,0,-999
07/06/2026 09:11:35,3,180,190,3,0,-999
07/06/2026 09:12:35,3,180,190,3,0,-999
07/06/2026 09:13:35,3,180,190,3,0,-999
07/06/2026 09:14:35,3,180,190,3,0,-999
07/06/2026 09:15:35,3,180,190,3,0,-999
07/06/2026 09:16:35,3,180,190,3,0,-999
07/06/2026 09:17:35,3,180,190,3,0,-999
07/06/2026 09:18:35,3,180,190,3,0,-999
07/06/2026 09:19:35,3,180,190,3,0,-999
07/06/2026 09:20:35,3,180,190,3,0,-999
07/06/2026 09:21:35,3,180,190,3,0,-999
07/06/2026 09:22:35,3,180,190,3,0,-999
07/06/2026 09:23:35,3,180,190,3,0,-999
07/06/2026 09:24:35,3,180,190,3,0,-999
07/06/2026 09:25:35,3,180,190,3,0,-999
07/06/2026 09:26:35,3,180,190,3,0,-999
07/06/2026 09:27:35,3,180,190,3,0,-999
07/06/2026 09:28:35,3,180,190,3,0,-999
07/06/2026 09:29:35,3,180,190,3,0,-999
07/06/2026 09:30:35,3,180,190,3,0,-999
07/06/2026 09:31:35,3,180,190,3,0,-999
07/06/2026 09:32:35,3,180,190,3,0,-999
07/06/2026 09:33:35,3,180,190,3,0,-999
07/06/2026 09:34:35,3,180,190,3,0,-999
07/06/2026 09:35:35,3,180,190,3,0,-999
07/06/2026 09:36:35,3,180,190,3,0,-999
07/06/2026 09:37:35,3,180,190,3,0,-999
07/06/2026 09:38:35,3,180,190,3,0,-999
07/06/2026 09:39:35,3,180,190,3,0,-999
07/06/2026 09:40:35,3,180,190,3,0,-999
07/06/2026 09:41:35,3,180,190,3,0,-999
