# Time, Layer_QualityIndex,bl_height,Mean_Layer_Height,n_BL,cloud_stat,cloud_dat
22/10/2024 11:56:40,-999,820,-999,3,1,10050
22/10/2024 11:57:40,-999,820,-999,3,2,9720
22/10/2024 11:58:40,-999,820,-999,3,1,10260
22/10/2024 11:59:40,-999,830,-999,3,1,10310
22/10/2024 12:00:40,3,830,820,3,0,-999
22/10/2024 12:01:40,3,830,820,3,0,-999
22/10/2024 12:02:40,3,830,820,3,0,-999
22/10/2024 12:03:40,3,830,820,3,0,-999
22/10/2024 12:04:40,3,830,820,3,0,-999
22/10/2024 12:05:40,3,830,820,3,0,-999
22/10/2024 12:06:40,3,830,820,3,0,-999
22/10/2024 12:07:40,3,830,820,3,0,-999
22/10/2024 12:08:40,3,830,820,3,0,-999
22/10/2024 12:09:40,3,820,820,3,0,-999
22/10/2024 12:10:40,3,820,820,3,1,11000
22/10/2024 12:11:40,3,820,820,3,1,10980
22/10/2024 12:12:40,3,820,820,3,1,10980
22/10/2024 12:13:40,3,820,820,3,0,-999
22/10/2024 12:14:40,3,820,820,3,0,-999
22/10/2024 12:15:40,3,820,820,3,0,-999
22/10/2024 12:16:40,3,820,820,3,0,-999
22/10/2024 12:17:40,3,820,820,3,1,8980
22/10/2024 12:18:40,3,820,820,3,1,8980
22/10/2024 12:19:40,3,830,820,3,1,8940
22/10/2024 12:20:40,3,830,820,3,0,-999
22/10/2024 12:21:40,3,830,820,3,0,-999
22/10/2024 12:22:40,3,830,820,3,0,-999
22/10/2024 12:23:40,3,830,820,3,0,-999
22/10/2024 12:24:40,3,830,820,3,0,-999
22/10/2024 12:25:40,3,830,820,3,0,-999
22/10/2024 12:26:40,3,830,820,3,0,-999
22/10/2024 12:27:40,3,830,820,3,0,-999
22/10/2024 12:28:40,3,830,820,3,0,-999
22/10/2024 12:29:40,3,830,820,3,0,-999
22/10/2024 12:30:40,3,840,820,3,0,-999
22/10/2024 12:31:40,3,840,820,3,0,-999
22/10/2024 12:32:40,3,840,820,3,0,-999
22/10/2024 12:33:40,3,840,820,3,0,-999
22/10/2024 12:34:40,3,840,820,3,0,-999
22/10/2024 12:35:40,3,840,820,3,0,-999
22/10/2024 12:36:40,3,840,820,3,0,-999
22/10/2024 12:37:40,3,850,820,3,0,-999
22/10/2024 12:38:40,3,850,820,3,0,-999
22/10/2024 12:39:40,3,850,820,3,0,-999
22/10/2024 12:40:40,3,850,820,3,0,-999
22/10/2024 12:41:40,3,850,820,3,0,-999
22/10/2024 12:42:40,3,850,820,3,0,-999
22/10/2024 12:43:40,3,850,820,3,0,-999
22/10/2024 12:44:40,3,850,820,3,0,-999
22/10/2024 12:45:40,3,850,820,3,0,-999
22/10/2024 12:46:40,3,850,820,3,0,-999
22/10/2024 12:47:40,3,850,820,3,0,-999
22/10/2024 12:48:40,3,850,820,3,0,-999
22/10/2024 12:49:40,3,850,820,3,0,-999
22/10/2024 12:50:40,3,850,820,3,0,-999
22/10/2024 12:51:40,3,850,820,3,0,-999
22/10/2024 12:52:40,3,850,820,3,0,-999
22/10/2024 12:53:40,3,850,820,3,0,-999
22/10/2024 12:54:40,3,850,820,3,0,-999
22/10/2024 12:55:40,3,850,820,3,0,-999
22/10/2024 12:56:40,3,850,820,3,0,-999
22/10/2024 12:57:40,3,850,820,3,0,-999
22/10/2024 12:58:40,3,850,820,3,0,-999
22/10/2024 12:59:40,3,850,820,3,0,-999
22/10/2024 13:00:40,3,850,830,3,0,-999
22/10/2024 13:01:40,3,850,830,3,0,-999
22/10/2024 13:02:40,3,850,830,3,0,-999
22/10/2024 13:03:40,3,850,830,3,0,-999
22/10/2024 13:04:40,3,850,830,3,0,-999
22/10/2024 13:05:40,3,850,830,3,0,-999
22/10/2024 13:06:40,3,860,830,3,0,-999
22/10/2024 13:07:40,3,860,830,3,0,-999
22/10/2024 13:08:40,3,860,830,3,0,-999
22/10/2024 13:09:40,3,860,830,3,0,-999
22/10/2024 13:10:40,3,860,830,3,0,-999
22/10/2024 13:11:40,3,860,830,3,0,-999
22/10/2024 13:12:40,3,860,830,3,0,-999
22/10/2024 13:13:40,3,860,830,3,0,-999
22/10/2024 13:14:40,3,860,830,3,0,-999
22/10/2024 13:15:40,3,860,830,3,0,-999
22/10/2024 13:16:40,3,860,830,3,0,-999
22/10/2024 13:17:40,3,870,830,3,0,-999
22/10/2024 13:18:40,3,870,830,3,0,-999
22/10/2024 13:19:40,3,870,830,3,0,-999
22/10/2024 13:20:40,3,870,830,3,0,-999
22/10/2024 13:21:40,3,870,830,3,0,-999
22/10/2024 13:22:40,3,870,830,3,0,-999
22/10/2024 13:23:40,3,870,830,3,0,-999
22/10/2024 13:24:40,3,870,830,3,0,-999
22/10/2024 13:25:40,3,870,830,3,0,-999
22/10/2024 13:26:40,3,880,830,3,0,-999
22/10/2024 13:27:40,3,880,830,3,0,-999
22/10/2024 13:28:40,3,880,830,3,0,-999
22/10/2024 13:29:40,3,880,830,3,0,-999
22/10/2024 13:30:40,3,880,830,3,0,-999
22/10/2024 13:31:40,3,880,830,3,0,-999
22/10/2024 13:32:40,3,880,830,3,0,-999
22/10/2024 13:33:40,3,880,830,3,1,11290
22/10/2024 13:34:40,3,880,830,3,1,11290
22/10/2024 13:35:40,3,880,830,3,1,11300
22/10/2024 13:36:40,3,890,830,3,1,11270
22/10/2024 13:37:40,3,890,830,3,1,11270
22/10/2024 13:38:40,3,890,830,3,1,11280
22/10/2024 13:39:40,3,890,830,3,1,11280
22/10/2024 13:40:40,3,890,830,3,1,11320
22/10/2024 13:41:40,3,890,830,3,1,11310
22/10/2024 13:42:40,3,890,830,3,1,11310
22/10/2024 13:43:40,3,890,830,3,0,-999
22/10/2024 13:44:40,3,890,830,3,0,-999
22/10/2024 13:45:40,3,890,830,3,0,-999
22/10/2024 13:46:40,3,890,830,3,0,-999
22/10/2024 13:47:40,3,890,830,3,0,-999
22/10/2024 13:48:40,3,890,830,3,0,-999
22/10/2024 13:49:40,3,890,830,3,0,-999
22/10/2024 13:50:40,3,890,830,3,0,-999
22/10/2024 13:51:40,3,890,830,3,1,9870
22/10/2024 13:52:40,3,900,830,3,1,9870
22/10/2024 13:53:40,3,900,830,3,0,-999
22/10/2024 13:54:40,3,900,830,3,0,-999
22/10/2024 13:55:40,3,900,830,3,0,-999
22/10/2024 13:56:40,3,900,830,3,0,-999
22/10/2024 13:57:40,3,900,830,3,1,10460
22/10/2024 13:58:40,3,900,830,3,1,10460
22/10/2024 13:59:40,3,900,830,3,1,10630
22/10/2024 14:00:40,3,900,880,3,1,10630
22/10/2024 14:01:40,3,900,880,3,1,10650
22/10/2024 14:02:40,3,900,880,3,0,-999
22/10/2024 14:03:40,3,900,880,3,0,-999
22/10/2024 14:04:40,3,900,880,3,0,-999
22/10/2024 14:05:40,3,900,880,3,0,-999
22/10/2024 14:06:40,3,900,880,3,0,-999
22/10/2024 14:07:40,3,900,880,3,0,-999
22/10/2024 14:08:40,3,900,880,3,0,-999
22/10/2024 14:09:40,3,910,880,3,0,-999
22/10/2024 14:10:40,3,910,880,3,0,-999
22/10/2024 14:11:40,3,910,880,3,0,-999
22/10/2024 14:12:40,3,910,880,3,0,-999
22/10/2024 14:13:40,3,910,880,3,0,-999
22/10/2024 14:14:40,3,910,880,3,0,-999
22/10/2024 14:15:40,3,910,880,3,1,11120
22/10/2024 14:16:40,3,910,880,3,1,11160
22/10/2024 14:17:40,3,910,880,3,1,11160
22/10/2024 14:18:40,3,910,880,3,0,-999
22/10/2024 14:19:40,3,910,880,3,0,-999
22/10/2024 14:20:40,3,910,880,3,0,-999
22/10/2024 14:21:40,3,920,880,3,0,-999
22/10/2024 14:22:40,3,920,880,3,0,-999
22/10/2024 14:23:40,3,920,880,3,0,-999
22/10/2024 14:24:40,3,920,880,3,0,-999
22/10/2024 14:25:40,3,920,880,3,0,-999
22/10/2024 14:26:40,3,920,880,3,0,-999
22/10/2024 14:27:40,3,930,880,3,0,-999
22/10/2024 14:28:40,3,930,880,3,0,-999
22/10/2024 14:29:40,3,930,880,3,0,-999
22/10/2024 14:30:40,3,930,880,3,0,-999
22/10/2024 14:31:40,3,930,880,3,0,-999
22/10/2024 14:32:40,3,930,880,3,0,-999
22/10/2024 14:33:40,3,940,880,3,0,-999
22/10/2024 14:34:40,3,940,880,3,0,-999
22/10/2024 14:35:40,3,940,880,3,0,-999
22/10/2024 14:36:40,3,940,880,3,0,-999
22/10/2024 14:37:40,3,940,880,3,0,-999
22/10/2024 14:38:40,3,940,880,3,0,-999
22/10/2024 14:39:40,3,940,880,3,0,-999
22/10/2024 14:40:40,3,940,880,3,0,-999
22/10/2024 14:41:40,3,940,880,3,0,-999
22/10/2024 14:42:40,3,940,880,3,0,-999
22/10/2024 14:43:40,3,940,880,3,0,-999
22/10/2024 14:44:40,3,940,880,3,0,-999
22/10/2024 14:45:40,3,940,880,3,0,-999
22/10/2024 14:46:40,3,940,880,3,0,-999
22/10/2024 14:47:40,3,940,880,3,1,10820
22/10/2024 14:48:40,3,940,880,3,1,10720
22/10/2024 14:49:40,3,940,880,3,1,10700
22/10/2024 14:50:40,3,930,880,3,1,10700
22/10/2024 14:51:40,3,930,880,3,1,10980
22/10/2024 14:52:40,3,930,880,3,0,-999
22/10/2024 14:53:40,3,930,880,3,0,-999
22/10/2024 14:54:40,3,930,880,3,0,-999
22/10/2024 14:55:40,3,920,880,3,0,-999
22/10/2024 14:56:40,3,920,880,3,0,-999
22/10/2024 14:57:40,3,920,880,3,0,-999
22/10/2024 14:58:40,3,920,880,3,0,-999
22/10/2024 14:59:40,3,920,880,3,0,-999
22/10/2024 15:00:40,3,910,920,3,0,-999
22/10/2024 15:01:40,3,910,920,3,0,-999
22/10/2024 15:02:40,3,910,920,3,1,11030
22/10/2024 15:03:40,3,910,920,3,1,10930
22/10/2024 15:04:40,3,910,920,3,1,10880
22/10/2024 15:05:40,3,910,920,3,1,10880
22/10/2024 15:06:40,3,910,920,3,1,10470
22/10/2024 15:07:40,3,910,920,3,1,10470
22/10/2024 15:08:40,3,910,920,3,1,10270
22/10/2024 15:09:40,3,910,920,3,1,10230
22/10/2024 15:10:40,3,900,920,3,1,10310
22/10/2024 15:11:40,3,900,920,3,0,-999
22/10/2024 15:12:40,3,900,920,3,0,-999
22/10/2024 15:13:40,3,900,920,3,0,-999
22/10/2024 15:14:40,3,900,920,3,0,-999
22/10/2024 15:15:40,3,890,920,3,0,-999
22/10/2024 15:16:40,3,890,920,3,0,-999
22/10/2024 15:17:40,3,890,920,3,0,-999
22/10/2024 15:18:40,3,890,920,3,0,-999
22/10/2024 15:19:40,3,880,920,3,0,-999
22/10/2024 15:20:40,3,880,920,3,0,-999
22/10/2024 15:21:40,3,880,920,3,0,-999
22/10/2024 15:22:40,3,880,920,3,0,-999
22/10/2024 15:23:40,3,880,920,3,0,-999
22/10/2024 15:24:40,3,880,920,3,0,-999
22/10/2024 15:25:40,3,880,920,3,0,-999
22/10/2024 15:26:40,3,880,920,3,0,-999
22/10/2024 15:27:40,3,870,920,3,0,-999
22/10/2024 15:28:40,3,870,920,3,0,-999
22/10/2024 15:29:40,3,860,920,3,0,-999
22/10/2024 15:30:40,3,860,920,3,0,-999
22/10/2024 15:31:40,3,860,920,3,0,-999
22/10/2024 15:32:40,3,850,920,3,0,-999
22/10/2024 15:33:40,3,850,920,3,0,-999
22/10/2024 15:34:40,3,850,920,3,0,-999
22/10/2024 15:35:40,3,840,920,3,0,-999
22/10/2024 15:36:40,3,840,920,3,0,-999
22/10/2024 15:37:40,3,840,920,3,0,-999
22/10/2024 15:38:40,3,830,920,3,0,-999
22/10/2024 15:39:40,3,830,920,3,1,11400
22/10/2024 15:40:40,3,820,920,3,0,-999
22/10/2024 15:41:40,3,820,920,3,0,-999
22/10/2024 15:42:40,3,820,920,3,0,-999
22/10/2024 15:43:40,3,810,920,3,0,-999
22/10/2024 15:44:40,3,810,920,3,0,-999
22/10/2024 15:45:40,3,800,920,3,0,-999
22/10/2024 15:46:40,3,800,920,3,0,-999
22/10/2024 15:47:40,3,790,920,3,1,9720
22/10/2024 15:48:40,3,790,920,3,1,9720
22/10/2024 15:49:40,3,790,920,3,1,9760
22/10/2024 15:50:40,3,780,920,3,1,9760
22/10/2024 15:51:40,3,780,920,3,0,-999
22/10/2024 15:52:40,3,780,920,3,0,-999
22/10/2024 15:53:40,3,770,920,3,1,10630
22/10/2024 15:54:40,3,770,920,3,1,10630
22/10/2024 15:55:40,3,770,920,3,1,10670
22/10/2024 15:56:40,3,770,920,3,1,10530
22/10/2024 15:57:40,3,760,920,3,1,10530
22/10/2024 15:58:40,3,760,920,3,1,11130
22/10/2024 15:59:40,3,760,920,3,1,11160
22/10/2024 16:00:40,3,760,860,3,1,10680
22/10/2024 16:01:40,3,760,860,3,1,10680
22/10/2024 16:02:40,3,760,860,3,1,10680
22/10/2024 16:03:40,3,750,860,3,0,-999
22/10/2024 16:04:40,3,750,860,3,1,10600
22/10/2024 16:05:40,3,750,860,3,1,10600
22/10/2024 16:06:40,3,750,860,3,1,10650
22/10/2024 16:07:40,3,750,860,3,0,-999
22/10/2024 16:08:40,3,750,860,3,0,-999
22/10/2024 16:09:40,3,750,860,3,0,-999
22/10/2024 16:10:40,3,740,860,3,0,-999
22/10/2024 16:11:40,3,740,860,3,0,-999
22/10/2024 16:12:40,3,740,860,3,0,-999
22/10/2024 16:13:40,3,740,860,3,0,-999
22/10/2024 16:14:40,3,380,860,3,0,-999
22/10/2024 16:15:40,3,380,860,3,0,-999
22/10/2024 16:16:40,3,380,860,3,0,-999
22/10/2024 16:17:40,3,380,860,3,0,-999
22/10/2024 16:18:40,3,380,860,3,0,-999
22/10/2024 16:19:40,3,380,860,3,0,-999
22/10/2024 16:20:40,3,380,860,3,0,-999
22/10/2024 16:21:40,3,380,860,3,0,-999
22/10/2024 16:22:40,3,380,860,3,0,-999
22/10/2024 16:23:40,3,370,860,3,0,-999
22/10/2024 16:24:40,3,370,860,3,0,-999
22/10/2024 16:25:40,3,370,860,3,0,-999
22/10/2024 16:26:40,3,370,860,3,0,-999
22/10/2024 16:27:40,3,370,860,3,0,-999
22/10/2024 16:28:40,3,370,860,3,0,-999
22/10/2024 16:29:40,3,370,860,3,0,-999
22/10/2024 16:30:40,3,370,860,3,0,-999
22/10/2024 16:31:40,3,370,860,3,0,-999
22/10/2024 16:32:40,3,370,860,3,0,-999
22/10/2024 16:33:40,3,370,860,3,0,-999
22/10/2024 16:34:40,3,370,860,3,0,-999
22/10/2024 16:35:40,3,370,860,3,2,9760
22/10/2024 16:36:40,3,370,860,3,1,9860
22/10/2024 16:37:40,3,370,860,3,1,9860
22/10/2024 16:38:40,3,370,860,3,0,-999
22/10/2024 16:39:40,3,360,860,3,0,-999
22/10/2024 16:40:40,3,360,860,3,0,-999
22/10/2024 16:41:40,3,360,860,3,1,10830
22/10/2024 16:42:40,3,360,860,3,1,10980
22/10/2024 16:43:40,3,360,860,3,1,10980
22/10/2024 16:44:40,3,360,860,3,0,-999
22/10/2024 16:45:40,3,360,860,3,0,-999
22/10/2024 16:46:40,3,360,860,3,0,-999
22/10/2024 16:47:40,3,350,860,3,0,-999
22/10/2024 16:48:40,3,350,860,3,0,-999
22/10/2024 16:49:40,3,350,860,3,0,-999
22/10/2024 16:50:40,3,350,860,3,0,-999
22/10/2024 16:51:40,3,350,860,3,0,-999
22/10/2024 16:52:40,3,350,860,3,0,-999
22/10/2024 16:53:40,3,350,860,3,0,-999
22/10/2024 16:54:40,3,350,860,3,0,-999
22/10/2024 16:55:40,3,350,860,3,2,10870
22/10/2024 16:56:40,3,350,860,3,1,11390
22/10/2024 16:57:40,3,350,860,3,0,-999
22/10/2024 16:58:40,3,350,860,3,0,-999
22/10/2024 16:59:40,3,350,860,3,0,-999
22/10/2024 17:00:40,2,340,360,3,0,-999
22/10/2024 17:01:40,2,340,360,3,0,-999
22/10/2024 17:02:40,2,340,360,3,0,-999
22/10/2024 17:03:40,2,340,360,3,0,-999
22/10/2024 17:04:40,2,340,360,3,0,-999
22/10/2024 17:05:40,2,340,360,3,0,-999
22/10/2024 17:06:40,2,340,360,3,0,-999
22/10/2024 17:07:40,2,340,360,3,0,-999
22/10/2024 17:08:40,2,330,360,3,0,-999
22/10/2024 17:09:40,2,330,360,3,0,-999
22/10/2024 17:10:40,2,330,360,3,0,-999
22/10/2024 17:11:40,2,330,360,3,0,-999
22/10/2024 17:12:40,2,330,360,3,0,-999
22/10/2024 17:13:40,2,330,360,3,0,-999
22/10/2024 17:14:40,2,330,360,3,0,-999
22/10/2024 17:15:40,2,330,360,3,0,-999
22/10/2024 17:16:40,2,330,360,3,0,-999
22/10/2024 17:17:40,2,320,360,3,1,10540
22/10/2024 17:18:40,2,320,360,3,1,10540
22/10/2024 17:19:40,2,320,360,3,1,10970
22/10/2024 17:20:40,2,320,360,3,1,11010
22/10/2024 17:21:40,2,320,360,3,0,-999
22/10/2024 17:22:40,2,320,360,3,2,10510
22/10/2024 17:23:40,2,320,360,3,1,10590
22/10/2024 17:24:40,2,320,360,3,0,-999
22/10/2024 17:25:40,2,320,360,3,0,-999
22/10/2024 17:26:40,2,320,360,3,0,-999
22/10/2024 17:27:40,2,320,360,3,0,-999
22/10/2024 17:28:40,2,320,360,3,0,-999
22/10/2024 17:29:40,2,320,360,3,0,-999
22/10/2024 17:30:40,2,320,360,3,0,-999
22/10/2024 17:31:40,2,320,360,3,1,10090
22/10/2024 17:32:40,2,320,360,3,1,10170
22/10/2024 17:33:40,2,320,360,3,1,10170
22/10/2024 17:34:40,2,320,360,3,1,9880
22/10/2024 17:35:40,2,320,360,3,1,10140
22/10/2024 17:36:40,2,320,360,3,1,10110
22/10/2024 17:37:40,2,320,360,3,1,10100
22/10/2024 17:38:40,2,320,360,3,1,10140
22/10/2024 17:39:40,2,320,360,3,1,10150
22/10/2024 17:40:40,2,320,360,3,1,10170
22/10/2024 17:41:40,2,320,360,3,0,-999
22/10/2024 17:42:40,2,320,360,3,0,-999
22/10/2024 17:43:40,2,320,360,3,0,-999
22/10/2024 17:44:40,2,320,360,3,0,-999
22/10/2024 17:45:40,2,320,360,3,0,-999
22/10/2024 17:46:40,2,320,360,3,0,-999
22/10/2024 17:47:40,2,320,360,3,0,-999
22/10/2024 17:48:40,2,320,360,3,0,-999
22/10/2024 17:49:40,2,320,360,3,0,-999
22/10/2024 17:50:40,2,320,360,3,0,-999
22/10/2024 17:51:40,2,320,360,3,0,-999
22/10/2024 17:52:40,2,320,360,3,0,-999
22/10/2024 17:53:40,2,320,360,3,0,-999
22/10/2024 17:54:40,2,320,360,3,0,-999
22/10/2024 17:55:40,2,320,360,3,0,-999
22/10/2024 17:56:40,2,320,360,3,0,-999
22/10/2024 17:57:40,2,320,360,3,0,-999
22/10/2024 17:58:40,2,320,360,3,0,-999
22/10/2024 17:59:40,2,320,360,3,0,-999
22/10/2024 18:00:40,3,320,320,3,0,-999
22/10/2024 18:01:40,3,320,320,3,1,10670
22/10/2024 18:02:40,3,310,320,3,1,10670
22/10/2024 18:03:40,3,310,320,3,1,10740
22/10/2024 18:04:40,3,310,320,3,1,10740
22/10/2024 18:05:40,3,310,320,3,0,-999
22/10/2024 18:06:40,3,310,320,3,0,-999
22/10/2024 18:07:40,3,310,320,3,0,-999
22/10/2024 18:08:40,3,310,320,3,1,10650
22/10/2024 18:09:40,3,310,320,3,0,-999
22/10/2024 18:10:40,3,310,320,3,0,-999
22/10/2024 18:11:40,3,310,320,3,0,-999
22/10/2024 18:12:40,3,310,320,3,0,-999
22/10/2024 18:13:40,3,310,320,3,0,-999
22/10/2024 18:14:40,3,310,320,3,1,10270
22/10/2024 18:15:40,3,310,320,3,1,10200
22/10/2024 18:16:40,3,310,320,3,0,-999
22/10/2024 18:17:40,3,310,320,3,0,-999
22/10/2024 18:18:40,3,310,320,3,0,-999
22/10/2024 18:19:40,3,310,320,3,0,-999
22/10/2024 18:20:40,3,310,320,3,0,-999
22/10/2024 18:21:40,3,310,320,3,0,-999
22/10/2024 18:22:40,3,310,320,3,0,-999
22/10/2024 18:23:40,3,310,320,3,0,-999
22/10/2024 18:24:40,3,310,320,3,0,-999
22/10/2024 18:25:40,3,310,320,3,1,10670
22/10/2024 18:26:40,3,310,320,3,3,9540
22/10/2024 18:27:40,3,310,320,3,0,-999
22/10/2024 18:28:40,3,310,320,3,1,10340
22/10/2024 18:29:40,3,310,320,3,0,-999
22/10/2024 18:30:40,3,310,320,3,0,-999
22/10/2024 18:31:40,3,310,320,3,0,-999
22/10/2024 18:32:40,3,310,320,3,0,-999
22/10/2024 18:33:40,3,310,320,3,0,-999
22/10/2024 18:34:40,3,310,320,3,0,-999
22/10/2024 18:35:40,3,310,320,3,0,-999
22/10/2024 18:36:40,3,310,320,3,0,-999
22/10/2024 18:37:40,3,310,320,3,0,-999
22/10/2024 18:38:40,3,310,320,3,0,-999
22/10/2024 18:39:40,3,310,320,3,0,-999
22/10/2024 18:40:40,3,310,320,3,0,-999
22/10/2024 18:41:40,3,310,320,3,0,-999
22/10/2024 18:42:40,3,310,320,3,0,-999
22/10/2024 18:43:40,3,310,320,3,0,-999
22/10/2024 18:44:40,3,310,320,3,0,-999
22/10/2024 18:45:40,3,310,320,3,0,-999
22/10/2024 18:46:40,3,310,320,3,0,-999
22/10/2024 18:47:40,3,310,320,3,1,10580
22/10/2024 18:48:40,3,310,320,3,1,10570
22/10/2024 18:49:40,3,310,320,3,1,10580
22/10/2024 18:50:40,3,310,320,3,1,10580
22/10/2024 18:51:40,3,310,320,3,0,-999
22/10/2024 18:52:40,3,310,320,3,1,8470
22/10/2024 18:53:40,3,310,320,3,1,8470
22/10/2024 18:54:40,3,310,320,3,0,-999
22/10/2024 18:55:40,3,310,320,3,0,-999
22/10/2024 18:56:40,3,310,320,3,0,-999
22/10/2024 18:57:40,3,310,320,3,0,-999
22/10/2024 18:58:40,3,310,320,3,0,-999
22/10/2024 18:59:40,3,310,320,3,1,10290
22/10/2024 19:00:40,3,310,310,3,1,10290
22/10/2024 19:01:40,3,310,310,3,1,10240
22/10/2024 19:02:40,3,310,310,3,1,9830
22/10/2024 19:03:40,3,310,310,3,1,9830
22/10/2024 19:04:40,3,310,310,3,1,9350
22/10/2024 19:05:40,3,310,310,3,1,9350
22/10/2024 19:06:40,3,310,310,3,1,9270
22/10/2024 19:07:40,3,310,310,3,1,8700
22/10/2024 19:08:40,3,310,310,3,0,-999
22/10/2024 19:09:40,3,310,310,3,0,-999
22/10/2024 19:10:40,3,310,310,3,0,-999
22/10/2024 19:11:40,3,310,310,3,0,-999
22/10/2024 19:12:40,3,310,310,3,0,-999
22/10/2024 19:13:40,3,310,310,3,0,-999
22/10/2024 19:14:40,3,310,310,3,0,-999
22/10/2024 19:15:40,3,310,310,3,0,-999
22/10/2024 19:16:40,3,310,310,3,0,-999
22/10/2024 19:17:40,3,310,310,3,0,-999
22/10/2024 19:18:40,3,310,310,3,0,-999
22/10/2024 19:19:40,3,310,310,3,0,-999
22/10/2024 19:20:40,3,310,310,3,0,-999
22/10/2024 19:21:40,3,310,310,3,0,-999
22/10/2024 19:22:40,3,310,310,3,0,-999
22/10/2024 19:23:40,3,310,310,3,0,-999
22/10/2024 19:24:40,3,310,310,3,0,-999
22/10/2024 19:25:40,3,310,310,3,0,-999
22/10/2024 19:26:40,3,310,310,3,0,-999
22/10/2024 19:27:40,3,310,310,3,0,-999
22/10/2024 19:28:40,3,310,310,3,0,-999
22/10/2024 19:29:40,3,310,310,3,0,-999
22/10/2024 19:30:40,3,310,310,3,0,-999
22/10/2024 19:31:40,3,310,310,3,0,-999
22/10/2024 19:32:40,3,310,310,3,0,-999
22/10/2024 19:33:40,3,310,310,3,0,-999
22/10/2024 19:34:40,3,310,310,3,0,-999
22/10/2024 19:35:40,3,310,310,3,0,-999
22/10/2024 19:36:40,3,310,310,3,0,-999
22/10/2024 19:37:40,3,310,310,3,0,-999
22/10/2024 19:38:40,3,310,310,3,0,-999
22/10/2024 19:39:40,3,310,310,3,0,-999
22/10/2024 19:40:40,3,310,310,3,0,-999
22/10/2024 19:41:40,3,310,310,3,0,-999
22/10/2024 19:42:40,3,310,310,3,0,-999
22/10/2024 19:43:40,3,310,310,3,0,-999
22/10/2024 19:44:40,3,310,310,3,0,-999
22/10/2024 19:45:40,3,310,310,3,0,-999
22/10/2024 19:46:40,3,310,310,3,0,-999
22/10/2024 19:47:40,3,310,310,3,0,-999
22/10/2024 19:48:40,3,310,310,3,0,-999
22/10/2024 19:49:40,3,310,310,3,0,-999
22/10/2024 19:50:40,3,310,310,3,0,-999
22/10/2024 19:51:40,3,310,310,3,0,-999
22/10/2024 19:52:40,3,310,310,3,0,-999
22/10/2024 19:53:40,3,310,310,3,0,-999
22/10/2024 19:54:40,3,310,310,3,0,-999
22/10/2024 19:55:40,3,310,310,3,0,-999
22/10/2024 19:56:40,3,310,310,3,0,-999
22/10/2024 19:57:40,3,310,310,3,0,-999
22/10/2024 19:58:40,3,310,310,3,0,-999
22/10/2024 19:59:40,3,310,310,3,0,-999
22/10/2024 20:00:40,3,310,310,3,0,-999
22/10/2024 20:01:40,3,310,310,3,0,-999
22/10/2024 20:02:40,3,310,310,3,0,-999
22/10/2024 20:03:40,3,310,310,3,0,-999
22/10/2024 20:04:40,3,310,310,3,0,-999
22/10/2024 20:05:40,3,310,310,3,0,-999
22/10/2024 20:06:40,3,310,310,3,0,-999
22/10/2024 20:07:40,3,310,310,3,0,-999
22/10/2024 20:08:40,3,310,310,3,0,-999
22/10/2024 20:09:40,3,310,310,3,0,-999
22/10/2024 20:10:40,3,310,310,3,0,-999
22/10/2024 20:11:40,3,310,310,3,0,-999
22/10/2024 20:12:40,3,310,310,3,0,-999
22/10/2024 20:13:40,3,310,310,3,0,-999
22/10/2024 20:14:40,3,310,310,3,0,-999
22/10/2024 20:15:40,3,310,310,3,0,-999
22/10/2024 20:16:40,3,310,310,3,0,-999
22/10/2024 20:17:40,3,310,310,3,0,-999
22/10/2024 20:18:40,3,310,310,3,0,-999
22/10/2024 20:19:40,3,310,310,3,0,-999
22/10/2024 20:20:40,3,310,310,3,0,-999
22/10/2024 20:21:40,3,310,310,3,0,-999
22/10/2024 20:22:40,3,310,310,3,0,-999
22/10/2024 20:23:40,3,310,310,3,0,-999
22/10/2024 20:24:40,3,310,310,3,0,-999
22/10/2024 20:25:40,3,310,310,3,0,-999
22/10/2024 20:26:40,3,310,310,3,0,-999
22/10/2024 20:27:40,3,310,310,3,0,-999
22/10/2024 20:28:40,3,310,310,3,0,-999
22/10/2024 20:29:40,3,310,310,3,0,-999
22/10/2024 20:30:40,3,310,310,3,0,-999
22/10/2024 20:31:40,3,310,310,3,0,-999
22/10/2024 20:32:40,3,310,310,3,0,-999
22/10/2024 20:33:40,3,310,310,3,0,-999
22/10/2024 20:34:40,3,310,310,3,0,-999
22/10/2024 20:35:40,3,310,310,3,0,-999
22/10/2024 20:36:40,3,310,310,3,0,-999
22/10/2024 20:37:40,3,310,310,3,0,-999
22/10/2024 20:38:40,3,310,310,3,0,-999
22/10/2024 20:39:40,3,310,310,3,0,-999
22/10/2024 20:40:40,3,310,310,3,0,-999
22/10/2024 20:41:40,3,310,310,3,0,-999
22/10/2024 20:42:40,3,310,310,3,0,-999
22/10/2024 20:43:40,3,310,310,3,0,-999
22/10/2024 20:44:40,3,310,310,3,0,-999
22/10/2024 20:45:40,3,310,310,3,0,-999
22/10/2024 20:46:40,3,310,310,3,0,-999
22/10/2024 20:47:40,3,310,310,3,0,-999
22/10/2024 20:48:40,3,310,310,3,0,-999
22/10/2024 20:49:40,3,310,310,3,0,-999
22/10/2024 20:50:40,3,310,310,3,0,-999
22/10/2024 20:51:40,3,310,310,3,0,-999
22/10/2024 20:52:40,3,310,310,3,0,-999
22/10/2024 20:53:40,3,310,310,3,0,-999
22/10/2024 20:54:40,3,310,310,3,0,-999
22/10/2024 20:55:40,3,310,310,3,0,-999
22/10/2024 20:56:40,3,310,310,3,0,-999
22/10/2024 20:57:40,3,310,310,3,1,8020
22/10/2024 20:58:40,3,310,310,3,1,7960
22/10/2024 20:59:40,3,310,310,3,1,7960
22/10/2024 21:00:40,3,310,310,3,1,7970
22/10/2024 21:01:40,3,310,310,3,0,-999
22/10/2024 21:02:40,3,310,310,3,0,-999
22/10/2024 21:03:40,3,310,310,3,0,-999
22/10/2024 21:04:40,3,310,310,3,0,-999
22/10/2024 21:05:40,3,310,310,3,0,-999
22/10/2024 21:06:40,3,310,310,3,0,-999
22/10/2024 21:07:40,3,310,310,3,0,-999
22/10/2024 21:08:40,3,310,310,3,0,-999
22/10/2024 21:09:40,3,300,310,3,0,-999
22/10/2024 21:10:40,3,300,310,3,0,-999
22/10/2024 21:11:40,3,300,310,3,0,-999
22/10/2024 21:12:40,3,300,310,3,0,-999
22/10/2024 21:13:40,3,300,310,3,0,-999
22/10/2024 21:14:40,3,300,310,3,0,-999
22/10/2024 21:15:40,3,300,310,3,0,-999
22/10/2024 21:16:40,3,300,310,3,0,-999
22/10/2024 21:17:40,3,300,310,3,0,-999
22/10/2024 21:18:40,3,300,310,3,0,-999
22/10/2024 21:19:40,3,300,310,3,0,-999
22/10/2024 21:20:40,3,300,310,3,0,-999
22/10/2024 21:21:40,3,300,310,3,0,-999
22/10/2024 21:22:40,3,300,310,3,0,-999
22/10/2024 21:23:40,3,300,310,3,0,-999
22/10/2024 21:24:40,3,300,310,3,0,-999
22/10/2024 21:25:40,3,300,310,3,0,-999
22/10/2024 21:26:40,3,300,310,3,0,-999
22/10/2024 21:27:40,3,300,310,3,0,-999
22/10/2024 21:28:40,3,300,310,3,0,-999
22/10/2024 21:29:40,3,300,310,3,0,-999
22/10/2024 21:30:40,3,300,310,3,0,-999
22/10/2024 21:31:40,3,300,310,3,0,-999
22/10/2024 21:32:40,3,300,310,3,0,-999
22/10/2024 21:33:40,3,300,310,3,0,-999
22/10/2024 21:34:40,3,300,310,3,0,-999
22/10/2024 21:35:40,3,300,310,3,0,-999
22/10/2024 21:36:40,3,300,310,3,0,-999
22/10/2024 21:37:40,3,300,310,3,0,-999
22/10/2024 21:38:40,3,300,310,3,0,-999
22/10/2024 21:39:40,3,300,310,3,0,-999
22/10/2024 21:40:40,3,300,310,3,0,-999
22/10/2024 21:41:40,3,300,310,3,0,-999
22/10/2024 21:42:40,3,300,310,3,0,-999
22/10/2024 21:43:40,3,300,310,3,0,-999
22/10/2024 21:44:40,3,300,310,3,0,-999
22/10/2024 21:45:40,3,300,310,3,0,-999
22/10/2024 21:46:40,3,300,310,3,0,-999
22/10/2024 21:47:40,3,300,310,3,0,-999
22/10/2024 21:48:40,3,300,310,3,0,-999
22/10/2024 21:49:40,3,300,310,3,0,-999
22/10/2024 21:50:40,3,300,310,3,0,-999
22/10/2024 21:51:40,3,300,310,3,0,-999
22/10/2024 21:52:40,3,300,310,3,0,-999
22/10/2024 21:53:40,3,300,310,3,0,-999
22/10/2024 21:54:40,3,300,310,3,0,-999
22/10/2024 21:55:40,3,300,310,3,0,-999
22/10/2024 21:56:40,3,300,310,3,0,-999
22/10/2024 21:57:40,3,300,310,3,0,-999
22/10/2024 21:58:40,3,300,310,3,0,-999
22/10/2024 21:59:40,3,300,310,3,0,-999
22/10/2024 22:00:40,3,300,300,3,0,-999
22/10/2024 22:01:40,3,300,300,3,0,-999
22/10/2024 22:02:40,3,300,300,3,0,-999
22/10/2024 22:03:40,3,300,300,3,0,-999
22/10/2024 22:04:40,3,300,300,3,0,-999
22/10/2024 22:05:40,3,300,300,3,0,-999
22/10/2024 22:06:40,3,300,300,3,0,-999
22/10/2024 22:07:40,3,300,300,3,0,-999
22/10/2024 22:08:40,3,300,300,3,0,-999
22/10/2024 22:09:40,3,300,300,3,0,-999
22/10/2024 22:10:40,3,300,300,3,0,-999
22/10/2024 22:11:40,3,300,300,3,0,-999
22/10/2024 22:12:40,3,300,300,3,0,-999
22/10/2024 22:13:40,3,300,300,3,0,-999
22/10/2024 22:14:40,3,300,300,3,0,-999
22/10/2024 22:15:40,3,300,300,3,0,-999
22/10/2024 22:16:40,3,300,300,3,0,-999
22/10/2024 22:17:40,3,300,300,3,0,-999
22/10/2024 22:18:40,3,300,300,3,0,-999
22/10/2024 22:19:40,3,300,300,3,0,-999
22/10/2024 22:20:40,3,300,300,3,0,-999
22/10/2024 22:21:40,3,300,300,3,0,-999
22/10/2024 22:22:40,3,300,300,3,0,-999
22/10/2024 22:23:40,3,300,300,3,0,-999
22/10/2024 22:24:40,3,300,300,3,0,-999
22/10/2024 22:25:40,3,300,300,3,0,-999
22/10/2024 22:26:40,3,300,300,3,0,-999
22/10/2024 22:27:40,3,300,300,3,0,-999
22/10/2024 22:28:40,3,300,300,3,0,-999
22/10/2024 22:29:40,3,300,300,3,0,-999
22/10/2024 22:30:40,3,300,300,3,0,-999
22/10/2024 22:31:40,3,300,300,3,0,-999
22/10/2024 22:32:40,3,300,300,3,0,-999
22/10/2024 22:33:40,3,300,300,3,0,-999
22/10/2024 22:34:40,3,300,300,3,0,-999
22/10/2024 22:35:40,3,300,300,3,0,-999
22/10/2024 22:36:40,3,300,300,3,0,-999
22/10/2024 22:37:40,3,300,300,3,0,-999
22/10/2024 22:38:40,3,300,300,3,0,-999
22/10/2024 22:39:40,3,300,300,3,0,-999
22/10/2024 22:40:40,3,300,300,3,0,-999
22/10/2024 22:41:40,3,300,300,3,0,-999
22/10/2024 22:42:40,3,300,300,3,0,-999
22/10/2024 22:43:40,3,300,300,3,0,-999
22/10/2024 22:44:40,3,300,300,3,0,-999
22/10/2024 22:45:40,3,300,300,3,0,-999
22/10/2024 22:46:40,3,300,300,3,0,-999
22/10/2024 22:47:40,3,300,300,3,0,-999
22/10/2024 22:48:40,3,300,300,3,0,-999
22/10/2024 22:49:40,3,300,300,3,0,-999
22/10/2024 22:50:40,3,300,300,3,0,-999
22/10/2024 22:51:40,3,300,300,3,0,-999
22/10/2024 22:52:40,3,300,300,3,0,-999
22/10/2024 22:53:40,3,300,300,3,0,-999
22/10/2024 22:54:40,3,300,300,3,0,-999
22/10/2024 22:55:40,3,300,300,3,0,-999
22/10/2024 22:56:40,3,300,300,3,0,-999
22/10/2024 22:57:40,3,300,300,3,0,-999
22/10/2024 22:58:40,3,300,300,3,0,-999
22/10/2024 22:59:40,3,300,300,3,0,-999
22/10/2024 23:00:40,3,300,300,3,0,-999
22/10/2024 23:01:40,3,300,300,3,0,-999
22/10/2024 23:02:40,3,300,300,3,0,-999
22/10/2024 23:03:40,3,300,300,3,0,-999
22/10/2024 23:04:40,3,300,300,3,0,-999
22/10/2024 23:05:40,3,300,300,3,0,-999
22/10/2024 23:06:40,3,300,300,3,0,-999
22/10/2024 23:07:40,3,300,300,3,0,-999
22/10/2024 23:08:40,3,300,300,3,0,-999
22/10/2024 23:09:40,3,300,300,3,0,-999
22/10/2024 23:10:40,3,300,300,3,0,-999
22/10/2024 23:11:40,3,300,300,3,0,-999
22/10/2024 23:12:40,3,300,300,3,1,6770
22/10/2024 23:13:40,3,300,300,3,1,6720
22/10/2024 23:14:40,3,300,300,3,1,6630
22/10/2024 23:15:40,3,300,300,3,0,-999
22/10/2024 23:16:40,3,300,300,3,0,-999
22/10/2024 23:17:40,3,300,300,3,0,-999
22/10/2024 23:18:40,3,300,300,3,1,6790
22/10/2024 23:19:40,3,300,300,3,1,6790
22/10/2024 23:20:40,3,300,300,3,1,6660
22/10/2024 23:21:40,3,300,300,3,0,-999
22/10/2024 23:22:40,3,300,300,3,0,-999
22/10/2024 23:23:40,3,300,300,3,0,-999
22/10/2024 23:24:40,3,300,300,3,0,-999
22/10/2024 23:25:40,3,300,300,3,0,-999
22/10/2024 23:26:40,3,300,300,3,1,6700
22/10/2024 23:27:40,3,300,300,3,1,6490
22/10/2024 23:28:40,3,300,300,3,1,6490
22/10/2024 23:29:40,3,300,300,3,1,6340
22/10/2024 23:30:40,3,300,300,3,1,6340
22/10/2024 23:31:40,3,300,300,3,0,-999
22/10/2024 23:32:40,3,300,300,3,0,-999
22/10/2024 23:33:40,3,300,300,3,1,7050
22/10/2024 23:34:40,3,300,300,3,1,7050
22/10/2024 23:35:40,3,300,300,3,1,6960
22/10/2024 23:36:40,3,300,300,3,2,7100
22/10/2024 23:37:40,3,300,300,3,1,6850
22/10/2024 23:38:40,3,300,300,3,1,6940
22/10/2024 23:39:40,3,300,300,3,1,6520
22/10/2024 23:40:40,3,300,300,3,1,6520
22/10/2024 23:41:40,3,300,300,3,1,7130
22/10/2024 23:42:40,3,300,300,3,1,6880
22/10/2024 23:43:40,3,300,300,3,1,6730
22/10/2024 23:44:40,3,300,300,3,1,6730
22/10/2024 23:45:40,3,300,300,3,1,6710
22/10/2024 23:46:40,3,300,300,3,0,-999
22/10/2024 23:47:40,3,300,300,3,0,-999
22/10/2024 23:48:40,3,300,300,3,1,6780
22/10/2024 23:49:40,3,300,300,3,1,6820
22/10/2024 23:50:40,3,290,300,3,0,-999
22/10/2024 23:51:40,3,290,300,3,0,-999
22/10/2024 23:52:40,3,290,300,3,1,7030
22/10/2024 23:53:40,3,290,300,3,1,7040
22/10/2024 23:54:40,3,290,300,3,0,-999
22/10/2024 23:55:40,3,290,300,3,1,8150
22/10/2024 23:56:40,3,290,300,3,1,8110
22/10/2024 23:57:40,3,290,300,3,0,-999
22/10/2024 23:58:40,3,290,300,3,0,-999
22/10/2024 23:59:40,3,290,300,3,0,-999
23/10/2024 00:00:40,3,290,300,3,0,-999
23/10/2024 00:01:40,3,290,300,3,0,-999
23/10/2024 00:02:40,3,290,300,3,0,-999
23/10/2024 00:03:40,3,290,300,3,0,-999
23/10/2024 00:04:40,3,290,300,3,0,-999
23/10/2024 00:05:40,3,290,300,3,0,-999
23/10/2024 00:06:40,3,290,300,3,0,-999
23/10/2024 00:07:40,3,290,300,3,0,-999
23/10/2024 00:08:40,3,290,300,3,0,-999
23/10/2024 00:09:40,3,290,300,3,0,-999
23/10/2024 00:10:40,3,290,300,3,0,-999
23/10/2024 00:11:40,3,290,300,3,0,-999
23/10/2024 00:12:40,3,290,300,3,0,-999
23/10/2024 00:13:40,3,290,300,3,0,-999
23/10/2024 00:14:40,3,290,300,3,0,-999
23/10/2024 00:15:40,3,290,300,3,0,-999
23/10/2024 00:16:40,3,290,300,3,0,-999
23/10/2024 00:17:40,3,290,300,3,0,-999
23/10/2024 00:18:40,3,290,300,3,0,-999
23/10/2024 00:19:40,3,290,300,3,0,-999
23/10/2024 00:20:40,3,290,300,3,0,-999
23/10/2024 00:21:40,3,290,300,3,0,-999
23/10/2024 00:22:40,3,290,300,3,0,-999
23/10/2024 00:23:40,3,290,300,3,0,-999
23/10/2024 00:24:40,3,290,300,3,0,-999
23/10/2024 00:25:40,3,290,300,3,0,-999
23/10/2024 00:26:40,3,290,300,3,0,-999
23/10/2024 00:27:40,3,290,300,3,0,-999
23/10/2024 00:28:40,3,290,300,3,0,-999
23/10/2024 00:29:40,3,290,300,3,0,-999
23/10/2024 00:30:40,3,290,300,3,0,-999
23/10/2024 00:31:40,3,290,300,3,0,-999
23/10/2024 00:32:40,3,290,300,3,0,-999
